timestamp,location,sensor,value
2023-12-31T19:38:00.000Z,zone-b,pressure,1018.6
2023-12-31T19:41:00.000Z,zone-b,temperature,31.1
2023-12-31T20:25:00.000Z,zone-a,humidity,60.3
2023-12-31T20:28:00.000Z,zone-c,light,238.1
2023-12-31T21:45:00.000Z,zone-b,light,608
2023-12-31T22:06:00.000Z,zone-a,pressure,1017
2023-12-31T22:58:00.000Z,zone-a,light,627.3
2023-12-31T23:25:00.000Z,zone-c,humidity,49.9
2023-12-31T23:27:00.000Z,zone-c,pressure,1004.3
2024-01-01T00:24:00.000Z,zone-d,pressure,1004
2024-01-01T01:11:00.000Z,zone-a,temperature,29.7
2024-01-01T02:51:00.000Z,zone-d,light,653
2024-01-01T03:33:00.000Z,zone-d,humidity,46.2
2024-01-01T07:11:00.000Z,zone-b,humidity,47.6
2024-01-01T08:18:00.000Z,zone-c,temperature,26.5
2024-01-01T11:20:00.000Z,zone-d,temperature,15.8
2024-01-01T21:49:00.000Z,zone-d,temperature,25.9
2024-01-01T21:52:00.000Z,zone-a,humidity,75.6
2024-01-01T21:53:00.000Z,zone-a,temperature,26.6
2024-01-01T23:30:00.000Z,zone-c,pressure,998.4
2024-01-01T23:44:00.000Z,zone-c,humidity,77.2
2024-01-02T02:57:00.000Z,zone-b,temperature,26.7
2024-01-02T03:38:00.000Z,zone-d,light,625.9
2024-01-02T04:24:00.000Z,zone-d,pressure,995.9
2024-01-02T05:59:00.000Z,zone-c,light,659.7
2024-01-02T06:20:00.000Z,zone-a,pressure,1019.2
2024-01-02T08:17:00.000Z,zone-d,humidity,50.3
2024-01-02T12:19:00.000Z,zone-c,temperature,26.3
2024-01-02T12:56:00.000Z,zone-a,light,176
2024-01-02T14:55:00.000Z,zone-b,humidity,58.6
2024-01-02T17:31:00.000Z,zone-b,light,867.4
2024-01-02T18:19:00.000Z,zone-b,pressure,994.6
2024-01-02T20:53:00.000Z,zone-c,humidity,44.8
2024-01-02T21:29:00.000Z,zone-d,temperature,16.4
2024-01-02T22:02:00.000Z,zone-a,pressure,1017.3
2024-01-03T01:56:00.000Z,zone-b,pressure,1008.4
2024-01-03T02:39:00.000Z,zone-c,temperature,26
2024-01-03T03:33:00.000Z,zone-a,humidity,71.6
2024-01-03T03:37:00.000Z,zone-a,light,534.5
2024-01-03T03:37:00.000Z,zone-d,pressure,997.9
2024-01-03T03:49:00.000Z,zone-a,temperature,15.7
2024-01-03T04:28:00.000Z,zone-c,light,703.4
2024-01-03T05:23:00.000Z,zone-c,pressure,990.1
2024-01-03T07:38:00.000Z,zone-b,light,538.7
2024-01-03T08:10:00.000Z,zone-d,light,118.8
2024-01-03T12:09:00.000Z,zone-b,humidity,37
2024-01-03T14:49:00.000Z,zone-b,temperature,20.1
2024-01-03T17:58:00.000Z,zone-d,humidity,47.1
2024-01-03T19:50:00.000Z,zone-d,temperature,33.2
2024-01-03T20:08:00.000Z,zone-a,humidity,69.4
2024-01-03T22:49:00.000Z,zone-d,pressure,1011.3
2024-01-04T00:16:00.000Z,zone-c,humidity,49.3
2024-01-04T00:38:00.000Z,zone-c,temperature,16.5
2024-01-04T04:17:00.000Z,zone-a,light,621.2
2024-01-04T05:02:00.000Z,zone-b,temperature,21.2
2024-01-04T06:00:00.000Z,zone-d,humidity,32.5
2024-01-04T08:38:00.000Z,zone-b,humidity,79.7
2024-01-04T10:21:00.000Z,zone-d,light,627.9
2024-01-04T12:14:00.000Z,zone-a,temperature,33.7
2024-01-04T12:15:00.000Z,zone-a,pressure,1011.1
2024-01-04T14:00:00.000Z,zone-c,pressure,996.6
2024-01-04T14:11:00.000Z,zone-b,pressure,1006.5
2024-01-04T15:58:00.000Z,zone-b,light,184.3
2024-01-04T17:25:00.000Z,zone-c,light,609.6
2024-01-04T21:55:00.000Z,zone-d,light,399
2024-01-04T23:06:00.000Z,zone-b,temperature,23.8
2024-01-04T23:14:00.000Z,zone-c,temperature,27.8
2024-01-04T23:15:00.000Z,zone-c,pressure,1004.9
2024-01-04T23:29:00.000Z,zone-b,light,170.5
2024-01-04T23:39:00.000Z,zone-b,humidity,42.1
2024-01-05T03:05:00.000Z,zone-b,pressure,1004
2024-01-05T04:24:00.000Z,zone-d,humidity,54.3
2024-01-05T06:08:00.000Z,zone-a,light,234.3
2024-01-05T07:19:00.000Z,zone-c,humidity,64.8
2024-01-05T10:50:00.000Z,zone-a,temperature,16.2
2024-01-05T13:59:00.000Z,zone-a,humidity,30.1
2024-01-05T15:52:00.000Z,zone-d,pressure,1005.3
2024-01-05T16:14:00.000Z,zone-c,light,429.8
2024-01-05T16:25:00.000Z,zone-d,temperature,16.5
2024-01-05T17:49:00.000Z,zone-a,pressure,1016.8
2024-01-05T21:14:00.000Z,zone-b,light,896.4
2024-01-05T22:06:00.000Z,zone-a,pressure,1002.5
2024-01-05T22:17:00.000Z,zone-a,temperature,16.8
2024-01-05T22:47:00.000Z,zone-b,pressure,994.3
2024-01-06T01:11:00.000Z,zone-b,temperature,30.2
2024-01-06T02:20:00.000Z,zone-c,temperature,19.3
2024-01-06T04:30:00.000Z,zone-c,light,852.8
2024-01-06T11:43:00.000Z,zone-a,humidity,53.6
2024-01-06T11:53:00.000Z,zone-d,temperature,29
2024-01-06T12:31:00.000Z,zone-b,humidity,42.3
2024-01-06T12:57:00.000Z,zone-c,pressure,1019.2
2024-01-06T13:52:00.000Z,zone-d,light,811.8
2024-01-06T15:05:00.000Z,zone-d,pressure,1005.5
2024-01-06T15:09:00.000Z,zone-c,humidity,45.6
2024-01-06T16:52:00.000Z,zone-a,light,377.7
2024-01-06T18:25:00.000Z,zone-d,humidity,56.6
2024-01-07T00:43:00.000Z,zone-d,light,316.6
2024-01-07T00:51:00.000Z,zone-a,pressure,1016.9
2024-01-07T01:42:00.000Z,zone-d,temperature,27.7
2024-01-07T04:12:00.000Z,zone-d,humidity,56.8
2024-01-07T04:49:00.000Z,zone-a,temperature,32.7
2024-01-07T04:54:00.000Z,zone-a,humidity,72.9
2024-01-07T07:17:00.000Z,zone-c,pressure,1016.6
2024-01-07T08:00:00.000Z,zone-b,humidity,73.4
2024-01-07T08:49:00.000Z,zone-b,temperature,21.5
2024-01-07T10:14:00.000Z,zone-c,humidity,50.5
2024-01-07T12:11:00.000Z,zone-a,light,263.2
2024-01-07T14:07:00.000Z,zone-b,pressure,1017.9
2024-01-07T14:44:00.000Z,zone-d,pressure,1017.4
2024-01-07T16:41:00.000Z,zone-c,temperature,23.5
2024-01-07T17:52:00.000Z,zone-c,light,880.3
2024-01-07T18:22:00.000Z,zone-b,light,445.8
2024-01-07T22:31:00.000Z,zone-b,light,160
2024-01-07T23:56:00.000Z,zone-a,light,490
2024-01-08T01:40:00.000Z,zone-c,humidity,44
2024-01-08T03:23:00.000Z,zone-d,light,133.9
2024-01-08T07:00:00.000Z,zone-c,pressure,1005
2024-01-08T07:05:00.000Z,zone-d,temperature,29
2024-01-08T09:00:00.000Z,zone-d,pressure,1015.3
2024-01-08T09:20:00.000Z,zone-a,humidity,66.4
2024-01-08T10:23:00.000Z,zone-a,pressure,1002.6
2024-01-08T11:24:00.000Z,zone-d,humidity,37.2
2024-01-08T12:33:00.000Z,zone-b,pressure,999.6
2024-01-08T13:54:00.000Z,zone-b,humidity,64.2
2024-01-08T16:13:00.000Z,zone-a,temperature,17
2024-01-08T16:25:00.000Z,zone-c,light,334.3
2024-01-08T17:20:00.000Z,zone-b,temperature,16.2
2024-01-08T17:50:00.000Z,zone-c,temperature,17.9
2024-01-08T19:47:00.000Z,zone-c,pressure,1016.3
2024-01-08T20:16:00.000Z,zone-c,light,269.4
2024-01-08T20:49:00.000Z,zone-c,temperature,24.5
2024-01-08T21:05:00.000Z,zone-b,temperature,23.4
2024-01-08T21:45:00.000Z,zone-b,pressure,1017.8
2024-01-09T05:21:00.000Z,zone-a,pressure,1000.2
2024-01-09T05:55:00.000Z,zone-c,humidity,65.8
2024-01-09T06:28:00.000Z,zone-a,humidity,70
2024-01-09T09:21:00.000Z,zone-d,temperature,23.6
2024-01-09T10:42:00.000Z,zone-d,pressure,998.9
2024-01-09T11:21:00.000Z,zone-b,humidity,54.4
2024-01-09T11:54:00.000Z,zone-b,light,750.7
2024-01-09T14:32:00.000Z,zone-d,humidity,35.6
2024-01-09T14:40:00.000Z,zone-d,light,624.6
2024-01-09T16:53:00.000Z,zone-a,light,443.9
2024-01-09T17:38:00.000Z,zone-a,temperature,24.1
2024-01-09T23:01:00.000Z,zone-a,temperature,34.5
2024-01-10T02:52:00.000Z,zone-d,humidity,35.1
2024-01-10T03:05:00.000Z,zone-b,light,748.7
2024-01-10T03:28:00.000Z,zone-a,humidity,50.2
2024-01-10T04:04:00.000Z,zone-c,humidity,54.3
2024-01-10T05:01:00.000Z,zone-d,light,352.9
2024-01-10T06:11:00.000Z,zone-c,temperature,30.9
2024-01-10T06:25:00.000Z,zone-d,pressure,996.3
2024-01-10T11:45:00.000Z,zone-b,pressure,1007.5
2024-01-10T15:25:00.000Z,zone-a,light,540.6
2024-01-10T15:27:00.000Z,zone-b,humidity,70
2024-01-10T15:35:00.000Z,zone-c,pressure,1006.2
2024-01-10T17:15:00.000Z,zone-b,temperature,34.3
2024-01-10T17:17:00.000Z,zone-a,pressure,1017
2024-01-10T18:15:00.000Z,zone-c,light,545.8
2024-01-10T18:18:00.000Z,zone-d,temperature,23.1
2024-01-10T19:46:00.000Z,zone-a,pressure,990.7
2024-01-10T19:46:00.000Z,zone-a,light,468.4
2024-01-10T22:21:00.000Z,zone-b,humidity,61
2024-01-10T23:46:00.000Z,zone-c,pressure,999.6
2024-01-11T02:07:00.000Z,zone-c,humidity,64.9
2024-01-11T04:46:00.000Z,zone-b,light,543.3
2024-01-11T05:51:00.000Z,zone-a,humidity,39.2
2024-01-11T07:06:00.000Z,zone-c,temperature,19.6
2024-01-11T07:09:00.000Z,zone-b,temperature,30.1
2024-01-11T09:51:00.000Z,zone-d,pressure,1012.8
2024-01-11T13:09:00.000Z,zone-d,light,409.1
2024-01-11T14:39:00.000Z,zone-c,light,575.6
2024-01-11T15:00:00.000Z,zone-d,temperature,17.8
2024-01-11T15:21:00.000Z,zone-b,pressure,1018
2024-01-11T16:07:00.000Z,zone-a,temperature,22.1
2024-01-11T17:16:00.000Z,zone-d,humidity,55.9
2024-01-11T19:09:00.000Z,zone-c,humidity,64.3
2024-01-11T21:18:00.000Z,zone-c,light,210.3
2024-01-11T21:36:00.000Z,zone-b,light,412.6
2024-01-11T22:16:00.000Z,zone-b,humidity,35.7
2024-01-12T05:15:00.000Z,zone-d,light,690.6
2024-01-12T05:24:00.000Z,zone-b,pressure,1007.1
2024-01-12T05:55:00.000Z,zone-c,pressure,992.2
2024-01-12T06:02:00.000Z,zone-a,pressure,1002.4
2024-01-12T08:34:00.000Z,zone-a,light,403
2024-01-12T08:37:00.000Z,zone-c,temperature,17.5
2024-01-12T09:26:00.000Z,zone-d,humidity,35.4
2024-01-12T12:30:00.000Z,zone-a,humidity,41.2
2024-01-12T14:10:00.000Z,zone-b,temperature,22.8
2024-01-12T15:48:00.000Z,zone-a,temperature,18
2024-01-12T16:09:00.000Z,zone-d,temperature,29.5
2024-01-12T18:27:00.000Z,zone-d,pressure,1000.9
2024-01-12T19:12:00.000Z,zone-b,humidity,61.8
2024-01-12T19:39:00.000Z,zone-d,temperature,30.3
2024-01-12T21:00:00.000Z,zone-b,light,464.8
2024-01-12T21:25:00.000Z,zone-a,humidity,74.6
2024-01-12T21:49:00.000Z,zone-a,pressure,1001.1
2024-01-13T01:43:00.000Z,zone-c,temperature,28.1
2024-01-13T03:12:00.000Z,zone-b,temperature,32.8
2024-01-13T04:07:00.000Z,zone-b,pressure,1003.5
2024-01-13T05:06:00.000Z,zone-c,light,598.4
2024-01-13T08:20:00.000Z,zone-d,light,761.5
2024-01-13T10:05:00.000Z,zone-d,pressure,1008.3
2024-01-13T10:23:00.000Z,zone-a,temperature,32.7
2024-01-13T13:21:00.000Z,zone-d,humidity,69.4
2024-01-13T16:05:00.000Z,zone-c,humidity,55.7
2024-01-13T17:53:00.000Z,zone-c,pressure,990.1
2024-01-13T18:00:00.000Z,zone-a,light,408.5
2024-01-13T19:20:00.000Z,zone-b,light,275.8
2024-01-13T23:34:00.000Z,zone-d,temperature,32.6
2024-01-13T23:48:00.000Z,zone-d,humidity,67.3
2024-01-14T00:14:00.000Z,zone-a,pressure,1007.3
2024-01-14T02:24:00.000Z,zone-c,humidity,66.7
2024-01-14T10:02:00.000Z,zone-b,humidity,66.7
2024-01-14T10:35:00.000Z,zone-b,temperature,31.5
2024-01-14T10:41:00.000Z,zone-a,temperature,24.3
2024-01-14T11:25:00.000Z,zone-b,pressure,1017.1
2024-01-14T11:32:00.000Z,zone-c,temperature,27.7
2024-01-14T11:36:00.000Z,zone-c,light,438.6
2024-01-14T13:24:00.000Z,zone-d,light,241.2
2024-01-14T14:26:00.000Z,zone-c,pressure,1017.2
2024-01-14T14:46:00.000Z,zone-d,pressure,1010.5
2024-01-14T15:07:00.000Z,zone-a,humidity,44.4
2024-01-14T16:28:00.000Z,zone-a,light,342.6
2024-01-15T01:17:00.000Z,zone-a,humidity,77.7
2024-01-15T01:23:00.000Z,zone-a,temperature,17.6
2024-01-15T03:24:00.000Z,zone-a,pressure,1004.2
2024-01-15T04:41:00.000Z,zone-d,light,759.8
2024-01-15T04:59:00.000Z,zone-d,humidity,49.2
2024-01-15T05:59:00.000Z,zone-b,light,336.1
2024-01-15T07:24:00.000Z,zone-b,temperature,29.4
2024-01-15T07:31:00.000Z,zone-c,humidity,35.4
2024-01-15T10:17:00.000Z,zone-a,light,695
2024-01-15T12:39:00.000Z,zone-b,pressure,1019.1
2024-01-15T13:12:00.000Z,zone-c,light,165.6
2024-01-15T13:31:00.000Z,zone-d,pressure,1011.5
2024-01-15T13:59:00.000Z,zone-c,pressure,1001.1
2024-01-15T14:36:00.000Z,zone-d,temperature,21.1
2024-01-15T18:06:00.000Z,zone-b,humidity,36.6
2024-01-15T18:06:00.000Z,zone-c,temperature,33.4
2024-01-15T19:09:00.000Z,zone-d,humidity,33.5
2024-01-15T19:49:00.000Z,zone-a,temperature,29.6
2024-01-15T19:52:00.000Z,zone-b,temperature,25.3
2024-01-16T00:32:00.000Z,zone-b,pressure,1013.5
2024-01-16T07:30:00.000Z,zone-c,humidity,34.1
2024-01-16T08:06:00.000Z,zone-d,pressure,997.6
2024-01-16T08:13:00.000Z,zone-c,light,319.6
2024-01-16T08:33:00.000Z,zone-d,temperature,29
2024-01-16T09:13:00.000Z,zone-a,humidity,54.6
2024-01-16T10:01:00.000Z,zone-a,pressure,1002.8
2024-01-16T14:35:00.000Z,zone-b,humidity,54
2024-01-16T14:45:00.000Z,zone-c,pressure,1004.4
2024-01-16T15:17:00.000Z,zone-a,light,208.6
2024-01-16T16:04:00.000Z,zone-d,light,540.5
2024-01-16T17:09:00.000Z,zone-b,light,854.5
2024-01-16T18:01:00.000Z,zone-c,temperature,20.6
2024-01-16T19:03:00.000Z,zone-c,humidity,62.3
2024-01-16T21:25:00.000Z,zone-c,pressure,1011.5
2024-01-16T23:10:00.000Z,zone-d,light,660.2
2024-01-16T23:57:00.000Z,zone-d,humidity,36.5
2024-01-17T00:06:00.000Z,zone-b,temperature,21.8
2024-01-17T00:35:00.000Z,zone-b,light,331
2024-01-17T00:37:00.000Z,zone-a,humidity,73.3
2024-01-17T02:59:00.000Z,zone-a,temperature,26.4
2024-01-17T03:34:00.000Z,zone-a,pressure,1006.7
2024-01-17T04:06:00.000Z,zone-d,temperature,23.9
2024-01-17T06:11:00.000Z,zone-d,pressure,1011.5
2024-01-17T06:30:00.000Z,zone-c,temperature,32.2
2024-01-17T09:17:00.000Z,zone-c,light,636.3
2024-01-17T10:44:00.000Z,zone-b,pressure,1003.5
2024-01-17T11:48:00.000Z,zone-a,light,626.4
2024-01-17T17:22:00.000Z,zone-b,humidity,64.2
2024-01-17T21:10:00.000Z,zone-a,temperature,20.1
2024-01-17T22:44:00.000Z,zone-b,light,291.8
2024-01-17T23:17:00.000Z,zone-b,humidity,32.3
2024-01-18T00:30:00.000Z,zone-d,humidity,54.6
2024-01-18T00:49:00.000Z,zone-b,pressure,1006.5
2024-01-18T00:54:00.000Z,zone-a,humidity,30.9
2024-01-18T06:43:00.000Z,zone-b,temperature,18.2
2024-01-18T08:52:00.000Z,zone-d,pressure,997
2024-01-18T09:37:00.000Z,zone-c,humidity,75.4
2024-01-18T12:53:00.000Z,zone-a,pressure,992.8
2024-01-18T13:48:00.000Z,zone-c,temperature,15.3
2024-01-18T14:05:00.000Z,zone-d,light,116.4
2024-01-18T14:39:00.000Z,zone-c,pressure,994.2
2024-01-18T15:21:00.000Z,zone-d,temperature,33.9
2024-01-18T17:32:00.000Z,zone-c,light,817.1
2024-01-18T18:28:00.000Z,zone-a,light,487.4
2024-01-18T18:53:00.000Z,zone-c,humidity,36.5
2024-01-18T19:21:00.000Z,zone-d,temperature,16.7
2024-01-18T20:43:00.000Z,zone-d,light,822.8
2024-01-18T20:45:00.000Z,zone-b,temperature,18.9
2024-01-18T20:49:00.000Z,zone-b,light,563.5
2024-01-19T02:05:00.000Z,zone-a,light,727.3
2024-01-19T02:13:00.000Z,zone-a,humidity,44.2
2024-01-19T03:10:00.000Z,zone-c,pressure,1008.9
2024-01-19T03:25:00.000Z,zone-b,humidity,79.1
2024-01-19T05:19:00.000Z,zone-c,temperature,15.3
2024-01-19T06:32:00.000Z,zone-a,temperature,28.2
2024-01-19T07:57:00.000Z,zone-d,humidity,37.2
2024-01-19T08:03:00.000Z,zone-a,pressure,997.9
2024-01-19T13:57:00.000Z,zone-c,light,475.3
2024-01-19T14:55:00.000Z,zone-d,pressure,1001.2
2024-01-19T16:07:00.000Z,zone-b,pressure,991.8
2024-01-19T19:05:00.000Z,zone-c,temperature,33.7
2024-01-19T22:15:00.000Z,zone-d,pressure,1015.3
2024-01-19T23:52:00.000Z,zone-a,pressure,990.8
2024-01-20T00:49:00.000Z,zone-d,light,375.9
2024-01-20T05:07:00.000Z,zone-a,temperature,18.6
2024-01-20T07:00:00.000Z,zone-a,light,747.6
2024-01-20T07:50:00.000Z,zone-d,temperature,19.9
2024-01-20T07:51:00.000Z,zone-a,humidity,35.9
2024-01-20T08:04:00.000Z,zone-b,pressure,995.3
2024-01-20T10:33:00.000Z,zone-c,pressure,999.6
2024-01-20T10:48:00.000Z,zone-c,light,537
2024-01-20T14:18:00.000Z,zone-c,humidity,79.8
2024-01-20T17:49:00.000Z,zone-b,light,172.6
2024-01-20T17:59:00.000Z,zone-b,temperature,25.6
2024-01-20T18:03:00.000Z,zone-d,humidity,61
2024-01-20T18:27:00.000Z,zone-b,humidity,79.7
2024-01-20T20:28:00.000Z,zone-a,pressure,1005
2024-01-20T21:06:00.000Z,zone-d,humidity,51.1
2024-01-20T22:49:00.000Z,zone-a,light,365.8
2024-01-20T23:16:00.000Z,zone-c,temperature,16.7
2024-01-21T00:07:00.000Z,zone-b,light,629.5
2024-01-21T00:55:00.000Z,zone-c,pressure,1015.3
2024-01-21T02:28:00.000Z,zone-a,humidity,73.6
2024-01-21T05:11:00.000Z,zone-d,pressure,1018.2
2024-01-21T05:20:00.000Z,zone-d,light,377.9
2024-01-21T06:27:00.000Z,zone-b,pressure,994
2024-01-21T07:49:00.000Z,zone-c,humidity,44.9
2024-01-21T08:15:00.000Z,zone-c,light,251.2
2024-01-21T08:59:00.000Z,zone-d,temperature,17.2
2024-01-21T11:38:00.000Z,zone-b,temperature,29.9
2024-01-21T14:24:00.000Z,zone-a,temperature,23.8
2024-01-21T15:37:00.000Z,zone-b,humidity,70.8
2024-01-21T19:30:00.000Z,zone-d,pressure,1010.6
2024-01-21T19:50:00.000Z,zone-d,light,357.8
2024-01-21T21:59:00.000Z,zone-a,temperature,22.8
2024-01-21T22:43:00.000Z,zone-d,temperature,19.6
2024-01-21T23:44:00.000Z,zone-b,light,563.5
2024-01-21T23:50:00.000Z,zone-c,temperature,20.2
2024-01-22T00:01:00.000Z,zone-c,light,634.9
2024-01-22T02:40:00.000Z,zone-d,humidity,35.5
2024-01-22T05:21:00.000Z,zone-b,temperature,15.6
2024-01-22T06:03:00.000Z,zone-a,pressure,994.1
2024-01-22T08:26:00.000Z,zone-b,pressure,995.6
2024-01-22T10:51:00.000Z,zone-a,light,411.4
2024-01-22T10:52:00.000Z,zone-c,humidity,43.8
2024-01-22T12:59:00.000Z,zone-a,humidity,75.2
2024-01-22T14:25:00.000Z,zone-b,humidity,79.4
2024-01-22T15:22:00.000Z,zone-c,pressure,1010
2024-01-22T18:39:00.000Z,zone-d,temperature,22.1
2024-01-22T19:30:00.000Z,zone-d,humidity,70
2024-01-22T19:36:00.000Z,zone-d,light,209.3
2024-01-22T21:20:00.000Z,zone-c,light,263.9
2024-01-22T21:34:00.000Z,zone-b,temperature,26.5
2024-01-23T00:54:00.000Z,zone-c,pressure,1001
2024-01-23T05:19:00.000Z,zone-d,pressure,991
2024-01-23T07:16:00.000Z,zone-c,temperature,34.2
2024-01-23T07:29:00.000Z,zone-a,temperature,34.1
2024-01-23T08:06:00.000Z,zone-a,light,490.1
2024-01-23T12:04:00.000Z,zone-b,light,467.7
2024-01-23T12:52:00.000Z,zone-a,humidity,48
2024-01-23T12:52:00.000Z,zone-c,humidity,35
2024-01-23T14:15:00.000Z,zone-b,pressure,1009.3
2024-01-23T15:59:00.000Z,zone-a,pressure,1019.5
2024-01-23T17:14:00.000Z,zone-b,humidity,71.3
2024-01-23T20:22:00.000Z,zone-a,humidity,60.4
2024-01-23T21:33:00.000Z,zone-c,humidity,73.6
2024-01-23T22:21:00.000Z,zone-b,temperature,25
2024-01-23T22:45:00.000Z,zone-d,temperature,21.4
2024-01-24T00:12:00.000Z,zone-a,temperature,22.4
2024-01-24T07:30:00.000Z,zone-a,pressure,1016.2
2024-01-24T07:54:00.000Z,zone-d,light,361.1
2024-01-24T08:19:00.000Z,zone-d,humidity,36.6
2024-01-24T09:39:00.000Z,zone-b,light,817
2024-01-24T10:21:00.000Z,zone-b,humidity,65
2024-01-24T12:33:00.000Z,zone-c,light,147
2024-01-24T13:32:00.000Z,zone-c,temperature,20.2
2024-01-24T14:43:00.000Z,zone-a,light,302.6
2024-01-24T15:12:00.000Z,zone-b,pressure,1012.6
2024-01-24T15:33:00.000Z,zone-d,pressure,1003.4
2024-01-24T16:00:00.000Z,zone-c,pressure,997.8
2024-01-24T19:24:00.000Z,zone-c,humidity,71.6
2024-01-25T02:08:00.000Z,zone-c,temperature,32.7
2024-01-25T02:33:00.000Z,zone-b,humidity,44.9
2024-01-25T03:03:00.000Z,zone-d,light,221.6
2024-01-25T05:03:00.000Z,zone-c,light,190.7
2024-01-25T07:45:00.000Z,zone-c,pressure,1004
2024-01-25T09:55:00.000Z,zone-d,humidity,76
2024-01-25T09:56:00.000Z,zone-d,temperature,19
2024-01-25T12:08:00.000Z,zone-a,light,402.8
2024-01-25T12:23:00.000Z,zone-d,pressure,1006.3
2024-01-25T12:34:00.000Z,zone-b,pressure,1010.9
2024-01-25T12:47:00.000Z,zone-a,temperature,24.8
2024-01-25T12:55:00.000Z,zone-a,humidity,64.5
2024-01-25T14:41:00.000Z,zone-b,temperature,17.3
2024-01-25T15:14:00.000Z,zone-b,light,301.2
2024-01-25T16:24:00.000Z,zone-a,pressure,1018.1
2024-01-25T20:55:00.000Z,zone-b,humidity,37.8
2024-01-25T21:42:00.000Z,zone-a,humidity,39.2
2024-01-25T21:50:00.000Z,zone-a,light,811.7
2024-01-25T22:25:00.000Z,zone-b,temperature,34.2
2024-01-25T23:20:00.000Z,zone-d,light,764.7
2024-01-26T02:17:00.000Z,zone-a,pressure,996.5
2024-01-26T02:44:00.000Z,zone-b,pressure,1002.5
2024-01-26T03:08:00.000Z,zone-b,light,358.1
2024-01-26T04:22:00.000Z,zone-c,temperature,29.2
2024-01-26T06:03:00.000Z,zone-c,humidity,54.3
2024-01-26T06:04:00.000Z,zone-d,temperature,15.3
2024-01-26T07:06:00.000Z,zone-c,pressure,1009.4
2024-01-26T07:40:00.000Z,zone-d,humidity,68.4
2024-01-26T13:43:00.000Z,zone-a,temperature,15.1
2024-01-26T15:46:00.000Z,zone-c,light,593.4
2024-01-26T17:43:00.000Z,zone-d,pressure,992.9
2024-01-26T21:07:00.000Z,zone-b,humidity,52.2
2024-01-26T22:15:00.000Z,zone-c,pressure,1002
2024-01-26T23:42:00.000Z,zone-c,light,181.4
2024-01-27T03:42:00.000Z,zone-d,pressure,1006.3
2024-01-27T03:46:00.000Z,zone-c,temperature,15.3
2024-01-27T06:03:00.000Z,zone-d,humidity,55.3
2024-01-27T09:25:00.000Z,zone-a,humidity,72.1
2024-01-27T10:24:00.000Z,zone-d,light,795.7
2024-01-27T12:44:00.000Z,zone-a,temperature,27.7
2024-01-27T13:19:00.000Z,zone-d,temperature,29.1
2024-01-27T14:35:00.000Z,zone-c,humidity,42.8
2024-01-27T14:52:00.000Z,zone-a,pressure,997.5
2024-01-27T14:53:00.000Z,zone-b,temperature,17.3
2024-01-27T15:45:00.000Z,zone-b,light,862.9
2024-01-27T16:31:00.000Z,zone-b,pressure,1019.7
2024-01-27T16:46:00.000Z,zone-a,light,302.1
2024-01-27T20:06:00.000Z,zone-d,pressure,1011.7
2024-01-27T20:46:00.000Z,zone-d,light,380.9
2024-01-27T21:55:00.000Z,zone-b,humidity,41.1
2024-01-27T22:35:00.000Z,zone-d,humidity,54.1
2024-01-28T04:13:00.000Z,zone-c,light,724.8
2024-01-28T06:23:00.000Z,zone-c,pressure,1014.1
2024-01-28T06:37:00.000Z,zone-a,light,139.7
2024-01-28T07:51:00.000Z,zone-a,pressure,998.3
2024-01-28T07:54:00.000Z,zone-b,light,898.3
2024-01-28T08:43:00.000Z,zone-d,temperature,30.5
2024-01-28T09:35:00.000Z,zone-c,temperature,18.8
2024-01-28T09:59:00.000Z,zone-b,pressure,1011.8
2024-01-28T10:21:00.000Z,zone-c,humidity,67.8
2024-01-28T12:54:00.000Z,zone-a,humidity,74.6
2024-01-28T13:02:00.000Z,zone-b,temperature,31.6
2024-01-28T13:19:00.000Z,zone-a,temperature,25.5
2024-01-29T00:12:00.000Z,zone-d,light,800.5
2024-01-29T01:38:00.000Z,zone-a,humidity,63.3
2024-01-29T01:51:00.000Z,zone-c,pressure,990.4
2024-01-29T03:15:00.000Z,zone-b,humidity,69.8
2024-01-29T05:33:00.000Z,zone-b,temperature,33.8
2024-01-29T08:16:00.000Z,zone-c,light,761.7
2024-01-29T08:40:00.000Z,zone-b,pressure,990.3
2024-01-29T10:33:00.000Z,zone-c,humidity,65.6
2024-01-29T12:52:00.000Z,zone-c,temperature,26.8
2024-01-29T14:46:00.000Z,zone-a,pressure,1016.2
2024-01-29T14:49:00.000Z,zone-a,temperature,23.2
2024-01-29T15:00:00.000Z,zone-b,light,688.6
2024-01-29T15:38:00.000Z,zone-a,light,796.8
2024-01-29T15:47:00.000Z,zone-d,pressure,1010.3
2024-01-29T16:11:00.000Z,zone-d,humidity,30.5
2024-01-29T18:04:00.000Z,zone-d,temperature,18.7
2024-01-29T20:56:00.000Z,zone-a,pressure,1010.3
2024-01-29T21:25:00.000Z,zone-b,humidity,57.2
2024-01-29T22:54:00.000Z,zone-c,temperature,23.9
2024-01-29T22:59:00.000Z,zone-a,humidity,60
2024-01-29T23:03:00.000Z,zone-b,temperature,17.8
2024-01-30T06:28:00.000Z,zone-c,light,625.5
2024-01-30T08:54:00.000Z,zone-d,humidity,56.2
2024-01-30T12:00:00.000Z,zone-a,light,871.5
2024-01-30T12:24:00.000Z,zone-b,light,321
2024-01-30T12:34:00.000Z,zone-c,humidity,43.7
2024-01-30T13:50:00.000Z,zone-d,pressure,997.4
2024-01-30T14:45:00.000Z,zone-c,pressure,1006.4
2024-01-30T15:01:00.000Z,zone-a,temperature,25.4
2024-01-30T16:50:00.000Z,zone-d,light,798.3
2024-01-30T17:35:00.000Z,zone-d,temperature,24.2
2024-01-30T17:41:00.000Z,zone-b,pressure,1005.6
2024-01-30T22:05:00.000Z,zone-a,pressure,1007.7
2024-01-30T22:09:00.000Z,zone-d,light,612.7
2024-01-30T23:33:00.000Z,zone-c,humidity,79.9
2024-01-31T01:31:00.000Z,zone-a,temperature,23.2
2024-01-31T02:33:00.000Z,zone-d,temperature,28.3
2024-01-31T05:15:00.000Z,zone-d,pressure,1010.1
2024-01-31T05:47:00.000Z,zone-a,light,825.9
2024-01-31T07:05:00.000Z,zone-c,light,548.6
2024-01-31T08:56:00.000Z,zone-c,temperature,21.8
2024-01-31T10:35:00.000Z,zone-c,pressure,1004.6
2024-01-31T12:02:00.000Z,zone-b,temperature,30.8
2024-01-31T12:13:00.000Z,zone-b,humidity,34.9
2024-01-31T13:33:00.000Z,zone-a,humidity,67.3
2024-01-31T14:10:00.000Z,zone-d,humidity,77.8
2024-01-31T15:59:00.000Z,zone-b,light,872.7
2024-01-31T17:37:00.000Z,zone-b,pressure,998.2
2024-01-31T19:14:00.000Z,zone-a,temperature,26.6
2024-01-31T19:33:00.000Z,zone-a,light,451.3
2024-01-31T21:11:00.000Z,zone-b,pressure,997.1
2024-02-01T00:10:00.000Z,zone-d,pressure,993.6
2024-02-01T00:20:00.000Z,zone-d,temperature,35
2024-02-01T04:44:00.000Z,zone-d,light,711.5
2024-02-01T06:40:00.000Z,zone-c,humidity,55.2
2024-02-01T07:09:00.000Z,zone-c,temperature,22.7
2024-02-01T07:10:00.000Z,zone-b,temperature,15.1
2024-02-01T12:22:00.000Z,zone-b,humidity,34.7
2024-02-01T12:48:00.000Z,zone-d,humidity,79.1
2024-02-01T13:54:00.000Z,zone-b,light,816.6
2024-02-01T15:34:00.000Z,zone-a,pressure,999.5
2024-02-01T16:47:00.000Z,zone-c,pressure,1015.7
2024-02-01T17:28:00.000Z,zone-c,light,692.6
2024-02-01T17:51:00.000Z,zone-a,humidity,67.7
2024-02-01T19:12:00.000Z,zone-c,pressure,990.6
2024-02-01T19:43:00.000Z,zone-d,light,710.4
2024-02-01T20:13:00.000Z,zone-b,pressure,1003.1
2024-02-01T22:10:00.000Z,zone-a,temperature,19.1
2024-02-01T22:16:00.000Z,zone-d,pressure,1007.8
2024-02-01T22:52:00.000Z,zone-d,humidity,54.3
2024-02-01T23:39:00.000Z,zone-b,humidity,54.2
2024-02-01T23:47:00.000Z,zone-b,light,242
2024-02-02T04:53:00.000Z,zone-c,light,291.6
2024-02-02T07:18:00.000Z,zone-c,humidity,46.4
2024-02-02T07:31:00.000Z,zone-c,temperature,18.6
2024-02-02T07:40:00.000Z,zone-a,humidity,46.2
2024-02-02T15:32:00.000Z,zone-a,light,784.5
2024-02-02T15:53:00.000Z,zone-d,temperature,29.2
2024-02-02T15:57:00.000Z,zone-b,temperature,31.6
2024-02-02T17:42:00.000Z,zone-a,pressure,1004.5
2024-02-02T21:22:00.000Z,zone-d,humidity,41
2024-02-02T22:30:00.000Z,zone-b,pressure,1015.6
2024-02-02T22:32:00.000Z,zone-d,pressure,1000
2024-02-03T00:13:00.000Z,zone-b,light,409.4
2024-02-03T03:22:00.000Z,zone-c,humidity,73.9
2024-02-03T04:14:00.000Z,zone-b,humidity,59.5
2024-02-03T06:11:00.000Z,zone-c,light,478.8
2024-02-03T06:42:00.000Z,zone-a,light,437.8
2024-02-03T07:39:00.000Z,zone-d,temperature,23.5
2024-02-03T09:04:00.000Z,zone-b,temperature,26.8
2024-02-03T11:46:00.000Z,zone-a,temperature,29.7
2024-02-03T14:05:00.000Z,zone-c,temperature,32.4
2024-02-03T14:31:00.000Z,zone-d,light,166.8
2024-02-03T14:56:00.000Z,zone-a,pressure,1007.3
2024-02-03T15:05:00.000Z,zone-c,pressure,1015.7
2024-02-03T15:49:00.000Z,zone-a,humidity,79.9
2024-02-03T19:00:00.000Z,zone-b,light,442
2024-02-03T19:14:00.000Z,zone-a,pressure,1002.6
2024-02-03T20:56:00.000Z,zone-d,pressure,997.9
2024-02-03T21:41:00.000Z,zone-d,light,669
2024-02-04T00:28:00.000Z,zone-a,light,738.6
2024-02-04T02:07:00.000Z,zone-c,humidity,65.6
2024-02-04T02:12:00.000Z,zone-d,humidity,47.7
2024-02-04T02:42:00.000Z,zone-c,light,869.2
2024-02-04T05:38:00.000Z,zone-c,pressure,1010.1
2024-02-04T06:35:00.000Z,zone-c,temperature,23.9
2024-02-04T07:13:00.000Z,zone-d,temperature,26.4
2024-02-04T11:31:00.000Z,zone-a,temperature,24.3
2024-02-04T11:57:00.000Z,zone-b,humidity,32.8
2024-02-04T16:00:00.000Z,zone-b,pressure,998.4
2024-02-04T16:33:00.000Z,zone-b,temperature,31.2
2024-02-04T16:52:00.000Z,zone-a,humidity,56
2024-02-04T19:19:00.000Z,zone-a,light,296.8
2024-02-04T19:50:00.000Z,zone-a,humidity,74.8
2024-02-04T21:15:00.000Z,zone-b,humidity,49.7
2024-02-04T22:59:00.000Z,zone-c,temperature,33.7
2024-02-04T23:33:00.000Z,zone-d,humidity,75.7
2024-02-04T23:45:00.000Z,zone-a,temperature,32.1
2024-02-05T00:01:00.000Z,zone-c,light,577.7
2024-02-05T01:19:00.000Z,zone-b,pressure,1001
2024-02-05T06:50:00.000Z,zone-b,light,823.4
2024-02-05T07:43:00.000Z,zone-b,temperature,18.8
2024-02-05T08:08:00.000Z,zone-d,light,332.8
2024-02-05T08:24:00.000Z,zone-c,humidity,74.9
2024-02-05T09:33:00.000Z,zone-c,pressure,1007.7
2024-02-05T12:39:00.000Z,zone-d,temperature,24
2024-02-05T14:59:00.000Z,zone-d,pressure,1000.8
2024-02-05T17:44:00.000Z,zone-a,pressure,1006.6
2024-02-05T18:48:00.000Z,zone-b,temperature,15.7
2024-02-05T20:02:00.000Z,zone-c,pressure,1000.7
2024-02-05T20:32:00.000Z,zone-d,temperature,34.5
2024-02-05T22:09:00.000Z,zone-b,light,709.3
2024-02-05T23:11:00.000Z,zone-a,temperature,19.3
2024-02-06T05:20:00.000Z,zone-c,humidity,72.1
2024-02-06T05:35:00.000Z,zone-c,light,860.9
2024-02-06T06:13:00.000Z,zone-c,temperature,26.3
2024-02-06T06:35:00.000Z,zone-a,pressure,1006.1
2024-02-06T13:01:00.000Z,zone-d,light,630.7
2024-02-06T13:27:00.000Z,zone-a,light,603
2024-02-06T13:47:00.000Z,zone-b,pressure,1003.1
2024-02-06T13:48:00.000Z,zone-b,humidity,76.2
2024-02-06T14:03:00.000Z,zone-d,humidity,41.7
2024-02-06T15:31:00.000Z,zone-a,humidity,66.9
2024-02-06T18:14:00.000Z,zone-d,pressure,1013
2024-02-06T18:36:00.000Z,zone-b,humidity,74.1
2024-02-06T23:08:00.000Z,zone-a,pressure,990.8
2024-02-07T04:50:00.000Z,zone-b,temperature,25.1
2024-02-07T05:58:00.000Z,zone-a,temperature,30.6
2024-02-07T06:24:00.000Z,zone-a,light,617.5
2024-02-07T07:01:00.000Z,zone-d,temperature,15.6
2024-02-07T07:18:00.000Z,zone-d,light,796.4
2024-02-07T09:31:00.000Z,zone-d,pressure,1012.6
2024-02-07T10:23:00.000Z,zone-c,light,515
2024-02-07T11:58:00.000Z,zone-c,humidity,54
2024-02-07T13:26:00.000Z,zone-c,temperature,32.6
2024-02-07T13:54:00.000Z,zone-b,pressure,1006.9
2024-02-07T14:56:00.000Z,zone-c,pressure,1009
2024-02-07T16:26:00.000Z,zone-a,humidity,40.2
2024-02-07T17:32:00.000Z,zone-d,humidity,49.3
2024-02-07T18:12:00.000Z,zone-b,light,136.2
2024-02-07T18:51:00.000Z,zone-d,pressure,1019
2024-02-07T19:29:00.000Z,zone-a,light,143.3
2024-02-07T22:50:00.000Z,zone-d,temperature,29.5
2024-02-07T23:46:00.000Z,zone-c,light,676.2
2024-02-08T02:42:00.000Z,zone-c,pressure,1006.8
2024-02-08T02:57:00.000Z,zone-c,humidity,53.2
2024-02-08T03:40:00.000Z,zone-d,light,525.1
2024-02-08T06:51:00.000Z,zone-b,pressure,1014.8
2024-02-08T10:23:00.000Z,zone-d,humidity,49.6
2024-02-08T11:02:00.000Z,zone-c,temperature,32.5
2024-02-08T12:13:00.000Z,zone-b,temperature,33.7
2024-02-08T15:47:00.000Z,zone-b,humidity,32.1
2024-02-08T16:21:00.000Z,zone-a,temperature,28.6
2024-02-08T16:47:00.000Z,zone-a,pressure,1001.8
2024-02-08T17:36:00.000Z,zone-a,humidity,38.1
2024-02-08T18:22:00.000Z,zone-b,light,267.6
2024-02-08T20:09:00.000Z,zone-b,light,797.6
2024-02-08T20:14:00.000Z,zone-a,pressure,992.6
2024-02-08T20:56:00.000Z,zone-c,humidity,72.9
2024-02-08T22:08:00.000Z,zone-d,temperature,21.3
2024-02-08T22:29:00.000Z,zone-a,humidity,52.9
2024-02-09T00:18:00.000Z,zone-c,light,826.8
2024-02-09T00:45:00.000Z,zone-b,humidity,39.8
2024-02-09T01:48:00.000Z,zone-c,temperature,30.5
2024-02-09T01:58:00.000Z,zone-a,temperature,15.7
2024-02-09T07:01:00.000Z,zone-d,pressure,1005.4
2024-02-09T07:36:00.000Z,zone-d,light,765.6
2024-02-09T10:46:00.000Z,zone-c,pressure,1009.6
2024-02-09T13:13:00.000Z,zone-a,light,739.7
2024-02-09T14:03:00.000Z,zone-d,humidity,60.2
2024-02-09T15:37:00.000Z,zone-b,pressure,996.8
2024-02-09T16:39:00.000Z,zone-b,temperature,26
2024-02-09T18:36:00.000Z,zone-b,temperature,34.9
2024-02-09T22:36:00.000Z,zone-d,humidity,34.7
2024-02-10T00:08:00.000Z,zone-d,light,612
2024-02-10T00:15:00.000Z,zone-c,humidity,44.2
2024-02-10T00:21:00.000Z,zone-d,temperature,20.2
2024-02-10T01:59:00.000Z,zone-d,pressure,997.8
2024-02-10T03:11:00.000Z,zone-a,temperature,28.9
2024-02-10T03:28:00.000Z,zone-c,light,482.5
2024-02-10T05:42:00.000Z,zone-c,pressure,1006.5
2024-02-10T06:31:00.000Z,zone-b,pressure,1015.9
2024-02-10T08:42:00.000Z,zone-b,light,849.2
2024-02-10T10:05:00.000Z,zone-a,humidity,44.1
2024-02-10T10:06:00.000Z,zone-b,humidity,48.4
2024-02-10T10:08:00.000Z,zone-a,light,516.1
2024-02-10T12:32:00.000Z,zone-a,pressure,991.9
2024-02-10T14:23:00.000Z,zone-c,temperature,21.7
2024-02-10T19:11:00.000Z,zone-a,temperature,30.4
2024-02-10T19:58:00.000Z,zone-b,humidity,33.9
2024-02-10T21:05:00.000Z,zone-c,light,811.6
2024-02-10T21:57:00.000Z,zone-c,humidity,50.4
2024-02-10T23:12:00.000Z,zone-c,temperature,17.8
2024-02-11T00:33:00.000Z,zone-b,temperature,22.4
2024-02-11T00:47:00.000Z,zone-b,pressure,1015.1
2024-02-11T08:43:00.000Z,zone-a,humidity,57.7
2024-02-11T10:32:00.000Z,zone-a,pressure,994.8
2024-02-11T12:52:00.000Z,zone-d,light,274.6
2024-02-11T13:58:00.000Z,zone-c,pressure,1001.9
2024-02-11T14:17:00.000Z,zone-d,temperature,26.8
2024-02-11T16:45:00.000Z,zone-a,light,530.8
2024-02-11T17:04:00.000Z,zone-b,light,818.1
2024-02-11T17:51:00.000Z,zone-d,pressure,1012.7
2024-02-11T18:13:00.000Z,zone-d,humidity,69
2024-02-11T19:54:00.000Z,zone-a,humidity,68.6
2024-02-11T20:28:00.000Z,zone-a,temperature,33
2024-02-11T21:00:00.000Z,zone-c,temperature,30.6
2024-02-11T21:33:00.000Z,zone-c,pressure,995.9
2024-02-11T21:43:00.000Z,zone-b,humidity,68.4
2024-02-11T22:10:00.000Z,zone-d,humidity,64.2
2024-02-11T23:14:00.000Z,zone-d,pressure,1008.4
2024-02-11T23:29:00.000Z,zone-d,light,879.9
2024-02-12T00:24:00.000Z,zone-d,temperature,15.7
2024-02-12T08:57:00.000Z,zone-a,light,358.1
2024-02-12T09:02:00.000Z,zone-b,pressure,1008.6
2024-02-12T09:33:00.000Z,zone-b,temperature,26.6
2024-02-12T14:04:00.000Z,zone-b,light,305.9
2024-02-12T14:04:00.000Z,zone-c,light,742.6
2024-02-12T16:00:00.000Z,zone-a,pressure,1009.4
2024-02-12T17:26:00.000Z,zone-c,humidity,56.7
2024-02-12T19:26:00.000Z,zone-c,pressure,1009.4
2024-02-12T22:19:00.000Z,zone-b,light,408.4
2024-02-13T00:52:00.000Z,zone-c,light,603.6
2024-02-13T00:54:00.000Z,zone-c,temperature,28.2
2024-02-13T01:00:00.000Z,zone-a,humidity,32.4
2024-02-13T01:21:00.000Z,zone-b,humidity,40.7
2024-02-13T03:16:00.000Z,zone-d,pressure,1015.7
2024-02-13T03:18:00.000Z,zone-c,humidity,68.8
2024-02-13T04:05:00.000Z,zone-d,humidity,45.3
2024-02-13T04:07:00.000Z,zone-b,temperature,19.3
2024-02-13T06:12:00.000Z,zone-a,temperature,18.4
2024-02-13T10:10:00.000Z,zone-b,pressure,1001.8
2024-02-13T11:36:00.000Z,zone-d,temperature,34.7
2024-02-13T13:05:00.000Z,zone-a,pressure,1019.3
2024-02-13T13:47:00.000Z,zone-a,light,497.7
2024-02-13T18:20:00.000Z,zone-d,light,523.1
2024-02-13T18:45:00.000Z,zone-a,temperature,29.2
2024-02-13T20:02:00.000Z,zone-d,temperature,31.6
2024-02-13T22:12:00.000Z,zone-a,pressure,995.7
2024-02-13T22:20:00.000Z,zone-d,pressure,1015.8
2024-02-13T23:51:00.000Z,zone-b,light,538.8
2024-02-14T02:04:00.000Z,zone-c,humidity,56.9
2024-02-14T03:49:00.000Z,zone-b,pressure,1011.3
2024-02-14T05:21:00.000Z,zone-d,humidity,49.3
2024-02-14T07:58:00.000Z,zone-c,light,368.8
2024-02-14T09:33:00.000Z,zone-a,humidity,49.3
2024-02-14T11:03:00.000Z,zone-c,temperature,25.5
2024-02-14T13:25:00.000Z,zone-a,light,650.7
2024-02-14T13:31:00.000Z,zone-c,pressure,1001.2
2024-02-14T14:23:00.000Z,zone-b,humidity,54.1
2024-02-14T18:06:00.000Z,zone-d,light,830.9
2024-02-14T18:08:00.000Z,zone-b,temperature,24.9
2024-02-14T19:02:00.000Z,zone-c,light,656.3
2024-02-14T20:02:00.000Z,zone-d,pressure,1014.2
2024-02-14T20:40:00.000Z,zone-b,humidity,64.9
2024-02-14T23:44:00.000Z,zone-a,humidity,42.5
2024-02-15T00:27:00.000Z,zone-a,temperature,27.4
2024-02-15T00:47:00.000Z,zone-c,humidity,50.6
2024-02-15T03:55:00.000Z,zone-b,pressure,998
2024-02-15T04:01:00.000Z,zone-a,light,523.7
2024-02-15T07:10:00.000Z,zone-a,pressure,995
2024-02-15T07:18:00.000Z,zone-b,temperature,21.4
2024-02-15T08:28:00.000Z,zone-c,temperature,34.5
2024-02-15T08:32:00.000Z,zone-d,light,122.1
2024-02-15T11:09:00.000Z,zone-b,light,630.4
2024-02-15T14:14:00.000Z,zone-d,temperature,23.6
2024-02-15T16:46:00.000Z,zone-d,humidity,50.2
2024-02-15T16:50:00.000Z,zone-c,pressure,1009.3
2024-02-15T19:33:00.000Z,zone-b,humidity,52
2024-02-15T21:07:00.000Z,zone-a,pressure,996.7
2024-02-15T21:10:00.000Z,zone-c,humidity,57.8
2024-02-15T21:35:00.000Z,zone-c,pressure,1012.9
2024-02-15T23:52:00.000Z,zone-d,temperature,33.1
2024-02-16T03:10:00.000Z,zone-c,light,619
2024-02-16T03:47:00.000Z,zone-b,light,712
2024-02-16T04:32:00.000Z,zone-d,light,829.9
2024-02-16T05:05:00.000Z,zone-a,humidity,35
2024-02-16T05:51:00.000Z,zone-d,pressure,1010
2024-02-16T06:02:00.000Z,zone-b,temperature,34.3
2024-02-16T08:06:00.000Z,zone-c,temperature,16.3
2024-02-16T15:29:00.000Z,zone-d,humidity,35.3
2024-02-16T15:33:00.000Z,zone-a,light,781.3
2024-02-16T17:03:00.000Z,zone-b,pressure,1000.5
2024-02-16T18:03:00.000Z,zone-a,temperature,34.9
2024-02-16T19:16:00.000Z,zone-b,humidity,49.2
2024-02-16T23:00:00.000Z,zone-b,light,767.4
2024-02-16T23:36:00.000Z,zone-d,humidity,67.1
2024-02-17T03:04:00.000Z,zone-b,temperature,31.8
2024-02-17T03:05:00.000Z,zone-c,pressure,1012.5
2024-02-17T03:10:00.000Z,zone-d,temperature,31.2
2024-02-17T03:33:00.000Z,zone-b,pressure,1016.1
2024-02-17T03:49:00.000Z,zone-a,temperature,28
2024-02-17T04:44:00.000Z,zone-a,light,489
2024-02-17T05:57:00.000Z,zone-c,temperature,23.7
2024-02-17T06:46:00.000Z,zone-d,pressure,1009.8
2024-02-17T08:05:00.000Z,zone-a,pressure,1018.6
2024-02-17T10:56:00.000Z,zone-c,humidity,41.6
2024-02-17T11:43:00.000Z,zone-d,light,872.6
2024-02-17T13:13:00.000Z,zone-c,light,779.4
2024-02-17T14:26:00.000Z,zone-a,humidity,75
2024-02-17T19:40:00.000Z,zone-a,pressure,994.6
2024-02-17T20:19:00.000Z,zone-d,light,897
2024-02-17T20:28:00.000Z,zone-c,pressure,1017.7
2024-02-17T21:10:00.000Z,zone-c,humidity,58.2
2024-02-18T01:11:00.000Z,zone-a,temperature,32.1
2024-02-18T03:37:00.000Z,zone-a,humidity,54.6
2024-02-18T04:50:00.000Z,zone-a,light,500.6
2024-02-18T04:59:00.000Z,zone-b,light,413.1
2024-02-18T07:52:00.000Z,zone-d,humidity,44.4
2024-02-18T08:22:00.000Z,zone-b,humidity,68.2
2024-02-18T08:31:00.000Z,zone-c,temperature,27.5
2024-02-18T09:22:00.000Z,zone-b,pressure,997.7
2024-02-18T10:12:00.000Z,zone-c,light,301.7
2024-02-18T11:55:00.000Z,zone-d,temperature,31.5
2024-02-18T12:10:00.000Z,zone-d,pressure,1006.9
2024-02-18T15:36:00.000Z,zone-b,temperature,31.3
2024-02-18T21:32:00.000Z,zone-d,pressure,993.8
2024-02-18T21:53:00.000Z,zone-d,light,774.9
2024-02-18T23:16:00.000Z,zone-a,light,349.3
2024-02-18T23:42:00.000Z,zone-d,humidity,35
2024-02-18T23:43:00.000Z,zone-c,pressure,1016
2024-02-19T00:39:00.000Z,zone-a,pressure,1010.6
2024-02-19T00:41:00.000Z,zone-a,temperature,28.5
2024-02-19T02:16:00.000Z,zone-b,humidity,59.9
2024-02-19T02:38:00.000Z,zone-c,temperature,32.4
2024-02-19T05:37:00.000Z,zone-b,temperature,18
2024-02-19T08:35:00.000Z,zone-b,light,701.6
2024-02-19T09:13:00.000Z,zone-d,temperature,17.6
2024-02-19T12:27:00.000Z,zone-c,light,181.3
2024-02-19T13:49:00.000Z,zone-c,humidity,71.5
2024-02-19T17:53:00.000Z,zone-b,pressure,1016.6
2024-02-19T18:09:00.000Z,zone-a,humidity,65.7
2024-02-19T18:52:00.000Z,zone-d,pressure,999.2
2024-02-19T19:19:00.000Z,zone-d,light,779.1
2024-02-19T20:37:00.000Z,zone-d,humidity,31.3
2024-02-19T21:18:00.000Z,zone-b,temperature,25.4
2024-02-19T21:44:00.000Z,zone-a,pressure,990.9
2024-02-19T23:11:00.000Z,zone-c,humidity,65.5
2024-02-20T01:56:00.000Z,zone-b,humidity,65
2024-02-20T02:29:00.000Z,zone-a,humidity,53.4
2024-02-20T03:56:00.000Z,zone-c,light,176.7
2024-02-20T04:47:00.000Z,zone-a,temperature,31.9
2024-02-20T05:00:00.000Z,zone-d,temperature,24.8
2024-02-20T08:51:00.000Z,zone-a,light,307.3
2024-02-20T10:37:00.000Z,zone-c,temperature,23.2
2024-02-20T11:10:00.000Z,zone-c,pressure,990.8
2024-02-20T12:03:00.000Z,zone-b,light,584.4
2024-02-20T13:18:00.000Z,zone-b,pressure,1017.2
2024-02-20T23:36:00.000Z,zone-c,light,619.9
2024-02-21T00:38:00.000Z,zone-a,humidity,67
2024-02-21T01:40:00.000Z,zone-c,pressure,1002.6
2024-02-21T03:14:00.000Z,zone-c,temperature,16.6
2024-02-21T03:29:00.000Z,zone-b,humidity,74.6
2024-02-21T04:34:00.000Z,zone-d,light,322.4
2024-02-21T05:27:00.000Z,zone-b,pressure,991.8
2024-02-21T07:29:00.000Z,zone-c,humidity,34.7
2024-02-21T10:47:00.000Z,zone-a,temperature,27.6
2024-02-21T13:04:00.000Z,zone-d,pressure,991.3
2024-02-21T13:40:00.000Z,zone-d,temperature,26.4
2024-02-21T15:09:00.000Z,zone-a,pressure,1004.8
2024-02-21T16:23:00.000Z,zone-b,temperature,28.1
2024-02-21T17:24:00.000Z,zone-b,light,267
2024-02-21T17:26:00.000Z,zone-a,light,737.5
2024-02-21T17:53:00.000Z,zone-d,humidity,50.9
2024-02-21T18:30:00.000Z,zone-b,temperature,18.4
2024-02-21T20:37:00.000Z,zone-d,pressure,997.4
2024-02-21T20:48:00.000Z,zone-c,temperature,16.3
2024-02-22T01:59:00.000Z,zone-c,light,603.9
2024-02-22T02:16:00.000Z,zone-a,humidity,56
2024-02-22T04:29:00.000Z,zone-a,light,870.9
2024-02-22T04:59:00.000Z,zone-d,temperature,29.8
2024-02-22T05:04:00.000Z,zone-b,light,601.5
2024-02-22T05:15:00.000Z,zone-c,pressure,1014.6
2024-02-22T05:29:00.000Z,zone-b,pressure,1015.3
2024-02-22T08:33:00.000Z,zone-d,light,841
2024-02-22T12:05:00.000Z,zone-b,humidity,52.4
2024-02-22T12:20:00.000Z,zone-a,temperature,21.7
2024-02-22T14:55:00.000Z,zone-c,humidity,49.4
2024-02-22T15:34:00.000Z,zone-d,humidity,32.4
2024-02-22T17:36:00.000Z,zone-a,pressure,1004.5
2024-02-22T19:19:00.000Z,zone-b,temperature,24.7
2024-02-22T20:28:00.000Z,zone-b,light,628.6
2024-02-23T00:30:00.000Z,zone-c,pressure,1004.9
2024-02-23T03:27:00.000Z,zone-d,light,844.1
2024-02-23T03:32:00.000Z,zone-d,humidity,40.3
2024-02-23T04:21:00.000Z,zone-a,temperature,15.6
2024-02-23T05:15:00.000Z,zone-a,pressure,1012.1
2024-02-23T05:59:00.000Z,zone-d,pressure,1009.3
2024-02-23T08:19:00.000Z,zone-b,pressure,1018.7
2024-02-23T09:57:00.000Z,zone-c,temperature,23
2024-02-23T10:02:00.000Z,zone-d,temperature,24.3
2024-02-23T11:32:00.000Z,zone-c,light,107.1
2024-02-23T11:40:00.000Z,zone-a,humidity,56.6
2024-02-23T13:27:00.000Z,zone-a,light,317.3
2024-02-23T14:20:00.000Z,zone-c,humidity,57.7
2024-02-23T15:02:00.000Z,zone-b,humidity,37.3
2024-02-23T18:51:00.000Z,zone-c,light,511.6
2024-02-23T21:51:00.000Z,zone-c,temperature,30.8
2024-02-23T22:05:00.000Z,zone-a,humidity,43.2
2024-02-23T23:13:00.000Z,zone-b,pressure,1010.8
2024-02-24T00:08:00.000Z,zone-d,temperature,32.6
2024-02-24T01:15:00.000Z,zone-d,humidity,58.8
2024-02-24T02:35:00.000Z,zone-c,humidity,54.5
2024-02-24T05:56:00.000Z,zone-c,pressure,991.9
2024-02-24T07:05:00.000Z,zone-a,light,597.9
2024-02-24T08:16:00.000Z,zone-a,temperature,15.1
2024-02-24T11:57:00.000Z,zone-d,light,855.9
2024-02-24T13:34:00.000Z,zone-a,pressure,1016.4
2024-02-24T16:08:00.000Z,zone-b,light,388.5
2024-02-24T17:04:00.000Z,zone-b,temperature,17.4
2024-02-24T17:27:00.000Z,zone-b,humidity,38.3
2024-02-24T18:14:00.000Z,zone-d,pressure,1004.5
2024-02-24T19:35:00.000Z,zone-d,light,583.6
2024-02-24T20:20:00.000Z,zone-d,pressure,1002.2
2024-02-24T21:27:00.000Z,zone-c,light,337.2
2024-02-24T23:47:00.000Z,zone-b,pressure,1003.8
2024-02-25T02:20:00.000Z,zone-c,humidity,33.4
2024-02-25T02:42:00.000Z,zone-a,temperature,28.1
2024-02-25T06:16:00.000Z,zone-b,light,332.2
2024-02-25T06:43:00.000Z,zone-d,temperature,18.6
2024-02-25T07:26:00.000Z,zone-d,humidity,48.1
2024-02-25T07:39:00.000Z,zone-c,pressure,1010.7
2024-02-25T07:51:00.000Z,zone-a,pressure,991.2
2024-02-25T08:40:00.000Z,zone-c,temperature,22.7
2024-02-25T11:02:00.000Z,zone-a,light,600.1
2024-02-25T11:12:00.000Z,zone-b,humidity,73.9
2024-02-25T15:49:00.000Z,zone-b,temperature,19.9
2024-02-25T16:32:00.000Z,zone-a,humidity,47.5
2024-02-25T20:04:00.000Z,zone-a,light,461.4
2024-02-25T21:21:00.000Z,zone-c,humidity,54.7
2024-02-25T22:25:00.000Z,zone-d,humidity,47.7
2024-02-25T23:11:00.000Z,zone-d,temperature,22.9
2024-02-26T00:17:00.000Z,zone-b,pressure,1010.1
2024-02-26T00:27:00.000Z,zone-d,light,809.1
2024-02-26T00:41:00.000Z,zone-c,temperature,24.6
2024-02-26T01:27:00.000Z,zone-b,humidity,69.9
2024-02-26T02:31:00.000Z,zone-a,temperature,30.1
2024-02-26T02:58:00.000Z,zone-b,light,534.6
2024-02-26T03:15:00.000Z,zone-a,pressure,1007.1
2024-02-26T05:30:00.000Z,zone-b,temperature,24
2024-02-26T06:20:00.000Z,zone-a,humidity,35.7
2024-02-26T07:42:00.000Z,zone-c,light,244.2
2024-02-26T09:04:00.000Z,zone-d,pressure,1018.5
2024-02-26T14:26:00.000Z,zone-c,pressure,1019.3
2024-02-26T21:29:00.000Z,zone-a,light,259.9
2024-02-26T21:30:00.000Z,zone-c,pressure,993.9
2024-02-26T23:02:00.000Z,zone-c,humidity,77.6
2024-02-26T23:20:00.000Z,zone-b,light,582.6
2024-02-26T23:45:00.000Z,zone-d,temperature,27.5
2024-02-27T02:56:00.000Z,zone-b,temperature,26.5
2024-02-27T03:37:00.000Z,zone-c,light,477.7
2024-02-27T04:46:00.000Z,zone-c,temperature,15.8
2024-02-27T05:13:00.000Z,zone-d,light,644.8
2024-02-27T06:14:00.000Z,zone-d,humidity,47
2024-02-27T07:20:00.000Z,zone-a,temperature,17.4
2024-02-27T10:08:00.000Z,zone-b,humidity,63.1
2024-02-27T11:48:00.000Z,zone-d,pressure,1007
2024-02-27T15:22:00.000Z,zone-b,pressure,1009.1
2024-02-27T17:40:00.000Z,zone-a,pressure,995.3
2024-02-27T17:43:00.000Z,zone-a,humidity,31.3
2024-02-27T19:00:00.000Z,zone-d,light,687.9
2024-02-27T19:54:00.000Z,zone-c,humidity,51
2024-02-27T22:01:00.000Z,zone-d,pressure,1001.9
2024-02-27T22:25:00.000Z,zone-b,humidity,58.1
2024-02-27T22:54:00.000Z,zone-c,pressure,995.1
2024-02-28T01:39:00.000Z,zone-c,light,107
2024-02-28T02:02:00.000Z,zone-c,temperature,20.6
2024-02-28T02:13:00.000Z,zone-b,light,769.9
2024-02-28T05:48:00.000Z,zone-a,humidity,39.3
2024-02-28T07:16:00.000Z,zone-d,temperature,23.9
2024-02-28T08:13:00.000Z,zone-d,humidity,73.4
2024-02-28T12:46:00.000Z,zone-a,pressure,993.7
2024-02-28T13:14:00.000Z,zone-b,temperature,22.3
2024-02-28T15:03:00.000Z,zone-a,temperature,17.8
2024-02-28T15:45:00.000Z,zone-a,light,832.2
2024-02-28T18:02:00.000Z,zone-b,pressure,1016.8
2024-02-28T19:32:00.000Z,zone-a,pressure,1011.3
2024-02-28T23:19:00.000Z,zone-d,pressure,1008
2024-02-29T02:42:00.000Z,zone-d,temperature,17.1
2024-02-29T02:59:00.000Z,zone-d,light,830.4
2024-02-29T03:35:00.000Z,zone-b,light,407.1
2024-02-29T04:55:00.000Z,zone-a,humidity,42.7
2024-02-29T04:56:00.000Z,zone-c,pressure,1013
2024-02-29T06:29:00.000Z,zone-d,humidity,76.8
2024-02-29T07:20:00.000Z,zone-a,light,269.4
2024-02-29T07:43:00.000Z,zone-a,temperature,25.6
2024-02-29T12:05:00.000Z,zone-c,temperature,32.7
2024-02-29T13:41:00.000Z,zone-b,temperature,16.2
2024-02-29T14:00:00.000Z,zone-b,pressure,996
2024-02-29T14:00:00.000Z,zone-c,light,848.1
2024-02-29T15:17:00.000Z,zone-b,humidity,73.5
2024-02-29T17:34:00.000Z,zone-c,humidity,45.7
2024-02-29T19:18:00.000Z,zone-b,humidity,64.8
2024-02-29T22:56:00.000Z,zone-a,light,245.7
2024-02-29T23:20:00.000Z,zone-d,pressure,1003
2024-03-01T00:45:00.000Z,zone-b,temperature,26.4
2024-03-01T00:57:00.000Z,zone-c,humidity,78.6
2024-03-01T02:03:00.000Z,zone-d,humidity,59.5
2024-03-01T04:52:00.000Z,zone-c,temperature,28.1
2024-03-01T05:12:00.000Z,zone-a,humidity,51.6
2024-03-01T07:16:00.000Z,zone-c,light,551.7
2024-03-01T07:55:00.000Z,zone-d,light,893.9
2024-03-01T08:14:00.000Z,zone-c,pressure,1007.5
2024-03-01T08:24:00.000Z,zone-b,pressure,996.6
2024-03-01T12:35:00.000Z,zone-a,temperature,18.9
2024-03-01T12:37:00.000Z,zone-b,light,237.2
2024-03-01T12:53:00.000Z,zone-d,temperature,31
2024-03-01T13:19:00.000Z,zone-a,pressure,1010.3
2024-03-01T19:05:00.000Z,zone-c,pressure,995.2
2024-03-01T19:25:00.000Z,zone-d,humidity,49.2
2024-03-01T21:37:00.000Z,zone-a,pressure,1009.7
2024-03-02T04:00:00.000Z,zone-a,humidity,75.2
2024-03-02T04:31:00.000Z,zone-d,temperature,16.5
2024-03-02T09:54:00.000Z,zone-b,pressure,990.2
2024-03-02T11:28:00.000Z,zone-b,humidity,35.7
2024-03-02T11:37:00.000Z,zone-a,light,274.4
2024-03-02T14:05:00.000Z,zone-b,temperature,30.7
2024-03-02T14:31:00.000Z,zone-b,light,721.1
2024-03-02T14:39:00.000Z,zone-c,humidity,66
2024-03-02T16:01:00.000Z,zone-c,temperature,18.4
2024-03-02T16:19:00.000Z,zone-d,light,288.7
2024-03-02T16:20:00.000Z,zone-d,pressure,1015.7
2024-03-02T16:22:00.000Z,zone-c,light,613.3
2024-03-02T16:27:00.000Z,zone-a,temperature,33.4
2024-03-02T19:54:00.000Z,zone-b,humidity,66.4
2024-03-02T22:03:00.000Z,zone-c,light,722.4
2024-03-02T22:47:00.000Z,zone-d,humidity,34.9
2024-03-03T00:15:00.000Z,zone-a,light,128.3
2024-03-03T00:19:00.000Z,zone-c,temperature,33.6
2024-03-03T01:12:00.000Z,zone-b,light,239.9
2024-03-03T01:49:00.000Z,zone-a,pressure,1001.3
2024-03-03T02:39:00.000Z,zone-c,pressure,992.1
2024-03-03T03:41:00.000Z,zone-a,temperature,21.9
2024-03-03T03:48:00.000Z,zone-d,light,342
2024-03-03T06:08:00.000Z,zone-b,temperature,22.4
2024-03-03T07:53:00.000Z,zone-b,pressure,996.3
2024-03-03T10:16:00.000Z,zone-a,humidity,32.3
2024-03-03T14:14:00.000Z,zone-d,temperature,20.4
2024-03-03T16:21:00.000Z,zone-c,humidity,49.1
2024-03-03T16:37:00.000Z,zone-d,pressure,995.1
2024-03-03T19:34:00.000Z,zone-c,temperature,20.6
2024-03-03T20:01:00.000Z,zone-a,light,126.6
2024-03-03T23:10:00.000Z,zone-b,pressure,1011.3
2024-03-03T23:41:00.000Z,zone-d,light,566.7
2024-03-03T23:43:00.000Z,zone-a,humidity,61.2
2024-03-04T00:12:00.000Z,zone-c,humidity,60.8
2024-03-04T04:26:00.000Z,zone-b,humidity,42.2
2024-03-04T05:55:00.000Z,zone-b,light,402.6
2024-03-04T08:22:00.000Z,zone-a,pressure,1013
2024-03-04T09:01:00.000Z,zone-d,temperature,27.5
2024-03-04T10:32:00.000Z,zone-d,humidity,72.9
2024-03-04T13:01:00.000Z,zone-c,pressure,1004
2024-03-04T16:43:00.000Z,zone-c,light,578.3
2024-03-04T17:15:00.000Z,zone-d,pressure,1007.2
2024-03-04T17:24:00.000Z,zone-b,temperature,20.3
2024-03-04T17:54:00.000Z,zone-a,temperature,21.4
2024-03-04T20:52:00.000Z,zone-d,pressure,1006.7
2024-03-04T21:57:00.000Z,zone-c,light,193.9
2024-03-05T00:01:00.000Z,zone-b,pressure,1007.2
2024-03-05T00:31:00.000Z,zone-b,temperature,24.1
2024-03-05T04:40:00.000Z,zone-b,light,243.3
2024-03-05T05:54:00.000Z,zone-b,humidity,44.4
2024-03-05T07:40:00.000Z,zone-d,temperature,34.9
2024-03-05T08:03:00.000Z,zone-d,humidity,42
2024-03-05T09:40:00.000Z,zone-c,pressure,1003
2024-03-05T09:49:00.000Z,zone-d,light,813.8
2024-03-05T09:51:00.000Z,zone-c,humidity,59.7
2024-03-05T11:40:00.000Z,zone-a,pressure,1007.5
2024-03-05T13:12:00.000Z,zone-a,temperature,16.3
2024-03-05T13:44:00.000Z,zone-c,temperature,26.1
2024-03-05T14:57:00.000Z,zone-a,light,707.1
2024-03-05T15:22:00.000Z,zone-a,humidity,51.1
2024-03-05T20:13:00.000Z,zone-d,pressure,1018.7
2024-03-05T20:39:00.000Z,zone-d,temperature,20.9
2024-03-05T21:47:00.000Z,zone-b,humidity,32.7
2024-03-05T22:34:00.000Z,zone-b,light,802.1
2024-03-05T23:13:00.000Z,zone-c,humidity,42.8
2024-03-06T03:40:00.000Z,zone-d,light,541.6
2024-03-06T04:27:00.000Z,zone-c,light,336.2
2024-03-06T05:00:00.000Z,zone-c,temperature,16.8
2024-03-06T07:30:00.000Z,zone-c,pressure,1003.9
2024-03-06T09:29:00.000Z,zone-a,pressure,996.1
2024-03-06T10:23:00.000Z,zone-d,humidity,76.5
2024-03-06T12:03:00.000Z,zone-a,humidity,68.9
2024-03-06T12:08:00.000Z,zone-b,temperature,17.6
2024-03-06T12:27:00.000Z,zone-a,light,378.1
2024-03-06T13:34:00.000Z,zone-b,pressure,1013.5
2024-03-06T15:26:00.000Z,zone-a,temperature,23.8
2024-03-06T19:12:00.000Z,zone-a,light,515.6
2024-03-06T23:07:00.000Z,zone-c,light,396.6
2024-03-07T00:00:00.000Z,zone-d,humidity,59.6
2024-03-07T00:09:00.000Z,zone-a,pressure,1004.4
2024-03-07T00:20:00.000Z,zone-d,pressure,1009.3
2024-03-07T02:14:00.000Z,zone-c,pressure,1006.5
2024-03-07T04:04:00.000Z,zone-a,humidity,51.7
2024-03-07T06:29:00.000Z,zone-b,pressure,1010.1
2024-03-07T06:37:00.000Z,zone-d,light,843.3
2024-03-07T08:41:00.000Z,zone-b,temperature,23.3
2024-03-07T11:29:00.000Z,zone-c,humidity,45.9
2024-03-07T11:53:00.000Z,zone-a,temperature,15.7
2024-03-07T12:56:00.000Z,zone-d,temperature,22.6
2024-03-07T14:09:00.000Z,zone-b,humidity,53.4
2024-03-07T14:45:00.000Z,zone-b,light,736.6
2024-03-07T16:13:00.000Z,zone-c,temperature,16.7
2024-03-07T18:37:00.000Z,zone-b,temperature,30.7
2024-03-07T19:06:00.000Z,zone-a,temperature,24.8
2024-03-07T19:43:00.000Z,zone-b,pressure,1018.8
2024-03-07T20:45:00.000Z,zone-a,humidity,60.6
2024-03-07T21:41:00.000Z,zone-c,humidity,78.3
2024-03-07T22:15:00.000Z,zone-b,light,528.6
2024-03-07T22:18:00.000Z,zone-d,pressure,993.6
2024-03-07T23:28:00.000Z,zone-a,light,648.6
2024-03-08T01:50:00.000Z,zone-d,humidity,68.1
2024-03-08T02:14:00.000Z,zone-b,humidity,46.8
2024-03-08T06:41:00.000Z,zone-d,temperature,16.4
2024-03-08T07:01:00.000Z,zone-c,light,141.7
2024-03-08T08:23:00.000Z,zone-a,pressure,1004.4
2024-03-08T11:06:00.000Z,zone-c,temperature,30.8
2024-03-08T13:23:00.000Z,zone-c,pressure,1008.5
2024-03-08T16:28:00.000Z,zone-d,light,134
2024-03-08T21:45:00.000Z,zone-d,pressure,1005.5
2024-03-08T23:43:00.000Z,zone-b,pressure,995.3
2024-03-09T00:39:00.000Z,zone-d,temperature,16.7
2024-03-09T01:31:00.000Z,zone-c,pressure,1012
2024-03-09T03:47:00.000Z,zone-b,temperature,31.7
2024-03-09T04:09:00.000Z,zone-a,humidity,34.2
2024-03-09T04:26:00.000Z,zone-c,temperature,23.7
2024-03-09T05:59:00.000Z,zone-a,pressure,1004
2024-03-09T07:26:00.000Z,zone-c,light,106.9
2024-03-09T08:15:00.000Z,zone-a,light,632.3
2024-03-09T08:38:00.000Z,zone-d,humidity,48.6
2024-03-09T10:00:00.000Z,zone-a,temperature,33.1
2024-03-09T14:01:00.000Z,zone-b,humidity,68.4
2024-03-09T16:26:00.000Z,zone-c,humidity,47.6
2024-03-09T16:40:00.000Z,zone-d,light,676.9
2024-03-09T18:24:00.000Z,zone-b,light,759.9
2024-03-09T19:36:00.000Z,zone-c,light,401.7
2024-03-09T19:53:00.000Z,zone-d,temperature,17.6
2024-03-09T20:43:00.000Z,zone-b,light,227.3
2024-03-09T22:24:00.000Z,zone-c,pressure,1011
2024-03-09T23:01:00.000Z,zone-c,humidity,38.9
2024-03-09T23:16:00.000Z,zone-a,temperature,23.6
2024-03-10T01:09:00.000Z,zone-a,humidity,68.1
2024-03-10T03:14:00.000Z,zone-c,temperature,28.4
2024-03-10T05:31:00.000Z,zone-b,humidity,51.7
2024-03-10T08:53:00.000Z,zone-b,pressure,996.2
2024-03-10T13:19:00.000Z,zone-d,humidity,63.3
2024-03-10T14:24:00.000Z,zone-a,light,370.5
2024-03-10T14:49:00.000Z,zone-d,light,667.9
2024-03-10T16:09:00.000Z,zone-b,temperature,21.1
2024-03-10T18:14:00.000Z,zone-d,pressure,1014.9
2024-03-10T18:17:00.000Z,zone-a,pressure,1019.1
2024-03-10T18:30:00.000Z,zone-c,pressure,999.7
2024-03-10T20:13:00.000Z,zone-d,humidity,55.4
2024-03-10T21:07:00.000Z,zone-c,humidity,51.6
2024-03-10T22:38:00.000Z,zone-d,light,639.1
2024-03-10T23:08:00.000Z,zone-a,temperature,34.8
2024-03-10T23:09:00.000Z,zone-a,pressure,1000.3
2024-03-10T23:21:00.000Z,zone-b,temperature,24
2024-03-11T00:16:00.000Z,zone-c,temperature,18.9
2024-03-11T00:36:00.000Z,zone-b,humidity,67
2024-03-11T02:12:00.000Z,zone-a,humidity,38.3
2024-03-11T06:52:00.000Z,zone-b,pressure,1011.3
2024-03-11T07:29:00.000Z,zone-a,light,587.6
2024-03-11T08:49:00.000Z,zone-b,light,326.7
2024-03-11T10:18:00.000Z,zone-d,pressure,1014.3
2024-03-11T11:36:00.000Z,zone-d,temperature,15.3
2024-03-11T17:10:00.000Z,zone-c,light,299.8
2024-03-11T19:54:00.000Z,zone-a,humidity,60.6
2024-03-11T20:59:00.000Z,zone-a,light,848.4
2024-03-12T02:28:00.000Z,zone-a,temperature,29.7
2024-03-12T04:51:00.000Z,zone-c,light,673.1
2024-03-12T05:17:00.000Z,zone-d,humidity,79
2024-03-12T06:42:00.000Z,zone-b,pressure,1009.5
2024-03-12T07:37:00.000Z,zone-c,temperature,22.5
2024-03-12T09:01:00.000Z,zone-d,light,248
2024-03-12T12:23:00.000Z,zone-b,light,451.5
2024-03-12T13:15:00.000Z,zone-a,pressure,1011.4
2024-03-12T14:27:00.000Z,zone-c,pressure,1004.2
2024-03-12T15:27:00.000Z,zone-c,humidity,58.2
2024-03-12T16:02:00.000Z,zone-d,temperature,17.7
2024-03-12T16:33:00.000Z,zone-b,humidity,59.7
2024-03-12T17:34:00.000Z,zone-d,pressure,1010.1
2024-03-12T18:16:00.000Z,zone-b,temperature,29.3
2024-03-12T20:05:00.000Z,zone-a,temperature,16.8
2024-03-12T20:44:00.000Z,zone-c,pressure,1012.1
2024-03-12T21:51:00.000Z,zone-a,light,591.4
2024-03-12T22:17:00.000Z,zone-c,temperature,30.1
2024-03-12T23:03:00.000Z,zone-c,humidity,74
2024-03-12T23:17:00.000Z,zone-c,light,631.4
2024-03-13T01:02:00.000Z,zone-d,pressure,1017.6
2024-03-13T02:20:00.000Z,zone-b,pressure,1009.4
2024-03-13T06:22:00.000Z,zone-a,humidity,42
2024-03-13T06:30:00.000Z,zone-a,pressure,1002.3
2024-03-13T12:17:00.000Z,zone-d,humidity,49
2024-03-13T13:15:00.000Z,zone-b,light,655.1
2024-03-13T13:51:00.000Z,zone-d,temperature,26.7
2024-03-13T15:44:00.000Z,zone-b,temperature,29.6
2024-03-13T16:56:00.000Z,zone-b,humidity,59.3
2024-03-13T18:22:00.000Z,zone-d,light,115.2
2024-03-13T23:08:00.000Z,zone-b,temperature,26.4
2024-03-13T23:55:00.000Z,zone-a,humidity,39.7
2024-03-14T00:38:00.000Z,zone-a,light,452.5
2024-03-14T03:27:00.000Z,zone-b,light,170
2024-03-14T07:03:00.000Z,zone-a,pressure,1018.3
2024-03-14T07:51:00.000Z,zone-d,humidity,57.5
2024-03-14T08:12:00.000Z,zone-d,light,167.5
2024-03-14T10:52:00.000Z,zone-c,humidity,66
2024-03-14T11:58:00.000Z,zone-d,pressure,1006.1
2024-03-14T12:34:00.000Z,zone-b,pressure,1016.9
2024-03-14T12:39:00.000Z,zone-d,temperature,20.4
2024-03-14T13:12:00.000Z,zone-a,temperature,25.7
2024-03-14T15:03:00.000Z,zone-c,temperature,23
2024-03-14T16:21:00.000Z,zone-c,light,859.4
2024-03-14T16:48:00.000Z,zone-c,pressure,1001
2024-03-14T17:51:00.000Z,zone-b,humidity,31.1
2024-03-14T21:07:00.000Z,zone-c,pressure,1014.3
2024-03-14T21:28:00.000Z,zone-b,temperature,32.8
2024-03-14T22:30:00.000Z,zone-b,pressure,1000.3
2024-03-14T23:27:00.000Z,zone-a,temperature,28.6
2024-03-15T00:41:00.000Z,zone-c,light,206.2
2024-03-15T02:31:00.000Z,zone-a,pressure,1005.5
2024-03-15T04:23:00.000Z,zone-c,temperature,29
2024-03-15T04:48:00.000Z,zone-d,temperature,21.9
2024-03-15T07:45:00.000Z,zone-c,humidity,54.9
2024-03-15T09:29:00.000Z,zone-b,light,282.3
2024-03-15T12:18:00.000Z,zone-d,humidity,66.6
2024-03-15T14:44:00.000Z,zone-b,humidity,72.4
2024-03-15T15:07:00.000Z,zone-a,humidity,71.8
2024-03-15T15:50:00.000Z,zone-d,pressure,996.1
2024-03-15T16:09:00.000Z,zone-a,light,706
2024-03-15T16:32:00.000Z,zone-d,light,733
2024-03-15T18:42:00.000Z,zone-c,humidity,35.8
2024-03-15T19:30:00.000Z,zone-a,pressure,990.9
2024-03-15T20:47:00.000Z,zone-c,pressure,1017.2
2024-03-15T21:53:00.000Z,zone-c,light,588.8
2024-03-15T23:36:00.000Z,zone-d,light,579.9
2024-03-16T00:43:00.000Z,zone-a,temperature,29.1
2024-03-16T02:37:00.000Z,zone-d,humidity,33.5
2024-03-16T04:36:00.000Z,zone-c,temperature,27.9
2024-03-16T05:36:00.000Z,zone-b,light,756.9
2024-03-16T08:24:00.000Z,zone-d,pressure,1014.5
2024-03-16T08:34:00.000Z,zone-d,temperature,30.3
2024-03-16T09:16:00.000Z,zone-b,humidity,30.1
2024-03-16T09:40:00.000Z,zone-a,light,513.6
2024-03-16T10:01:00.000Z,zone-b,pressure,1002.1
2024-03-16T10:20:00.000Z,zone-a,humidity,80
2024-03-16T11:41:00.000Z,zone-b,temperature,24.8
2024-03-16T20:38:00.000Z,zone-a,temperature,19.7
2024-03-16T21:11:00.000Z,zone-a,light,327.3
2024-03-16T21:51:00.000Z,zone-b,pressure,996.2
2024-03-17T01:08:00.000Z,zone-b,temperature,32.4
2024-03-17T01:53:00.000Z,zone-d,light,410.3
2024-03-17T04:37:00.000Z,zone-b,light,112.7
2024-03-17T05:00:00.000Z,zone-c,temperature,17.4
2024-03-17T05:59:00.000Z,zone-c,humidity,66.8
2024-03-17T06:10:00.000Z,zone-a,pressure,996.1
2024-03-17T07:03:00.000Z,zone-d,temperature,23.3
2024-03-17T07:13:00.000Z,zone-b,humidity,71.9
2024-03-17T09:49:00.000Z,zone-c,pressure,998.8
2024-03-17T10:57:00.000Z,zone-d,pressure,995.2
2024-03-17T15:36:00.000Z,zone-d,humidity,49.3
2024-03-17T18:25:00.000Z,zone-a,humidity,32.8
2024-03-17T18:26:00.000Z,zone-c,light,217.9
2024-03-17T20:44:00.000Z,zone-c,humidity,74.1
2024-03-17T23:34:00.000Z,zone-d,light,118.7
2024-03-18T03:20:00.000Z,zone-d,pressure,990.7
2024-03-18T03:30:00.000Z,zone-b,pressure,997.1
2024-03-18T04:27:00.000Z,zone-d,temperature,35
2024-03-18T05:35:00.000Z,zone-b,light,698.8
2024-03-18T08:24:00.000Z,zone-c,temperature,22.7
2024-03-18T09:16:00.000Z,zone-a,humidity,69.7
2024-03-18T11:03:00.000Z,zone-a,temperature,32.9
2024-03-18T11:05:00.000Z,zone-a,pressure,1005.4
2024-03-18T11:22:00.000Z,zone-a,light,883
2024-03-18T13:10:00.000Z,zone-b,temperature,31.9
2024-03-18T13:55:00.000Z,zone-d,humidity,67.8
2024-03-18T15:43:00.000Z,zone-c,light,443.1
2024-03-18T17:50:00.000Z,zone-b,humidity,65.9
2024-03-18T18:26:00.000Z,zone-c,pressure,994.6
2024-03-18T21:31:00.000Z,zone-d,light,742.4
2024-03-18T23:44:00.000Z,zone-d,pressure,1013.3
2024-03-18T23:50:00.000Z,zone-b,temperature,24.4
2024-03-18T23:50:00.000Z,zone-d,humidity,60
2024-03-19T00:05:00.000Z,zone-c,humidity,50.4
2024-03-19T00:27:00.000Z,zone-b,pressure,993.9
2024-03-19T00:40:00.000Z,zone-a,humidity,70.5
2024-03-19T00:50:00.000Z,zone-a,light,188.4
2024-03-19T01:49:00.000Z,zone-c,light,305.8
2024-03-19T07:28:00.000Z,zone-c,pressure,1005.4
2024-03-19T09:22:00.000Z,zone-a,temperature,33.2
2024-03-19T09:57:00.000Z,zone-b,humidity,47.2
2024-03-19T11:37:00.000Z,zone-d,temperature,15.7
2024-03-19T15:46:00.000Z,zone-c,temperature,28.8
2024-03-19T17:30:00.000Z,zone-a,pressure,994.2
2024-03-19T17:34:00.000Z,zone-b,light,511
2024-03-19T22:11:00.000Z,zone-b,humidity,57.7
2024-03-19T23:28:00.000Z,zone-b,temperature,34.5
2024-03-19T23:37:00.000Z,zone-c,pressure,995.1
2024-03-19T23:43:00.000Z,zone-b,light,794.4
2024-03-20T00:57:00.000Z,zone-a,humidity,44.3
2024-03-20T02:22:00.000Z,zone-c,temperature,26.4
2024-03-20T02:33:00.000Z,zone-b,pressure,993.5
2024-03-20T03:02:00.000Z,zone-c,light,316.6
2024-03-20T04:07:00.000Z,zone-c,humidity,55.1
2024-03-20T05:50:00.000Z,zone-d,pressure,998
2024-03-20T05:55:00.000Z,zone-d,light,840.6
2024-03-20T08:13:00.000Z,zone-d,temperature,29.5
2024-03-20T10:29:00.000Z,zone-d,humidity,38.9
2024-03-20T13:43:00.000Z,zone-a,temperature,22
2024-03-20T14:38:00.000Z,zone-a,light,455.1
2024-03-20T16:47:00.000Z,zone-a,pressure,1013.6
2024-03-20T22:23:00.000Z,zone-d,humidity,51.6
2024-03-20T22:25:00.000Z,zone-a,light,715.7
2024-03-20T22:54:00.000Z,zone-b,humidity,44.5
2024-03-20T23:01:00.000Z,zone-d,light,183.3
2024-03-20T23:16:00.000Z,zone-a,pressure,1017
2024-03-21T01:01:00.000Z,zone-a,temperature,31.9
2024-03-21T02:50:00.000Z,zone-b,light,427
2024-03-21T03:06:00.000Z,zone-d,pressure,999.5
2024-03-21T05:34:00.000Z,zone-b,pressure,1011
2024-03-21T07:29:00.000Z,zone-c,pressure,1000.8
2024-03-21T09:29:00.000Z,zone-c,humidity,68.8
2024-03-21T12:33:00.000Z,zone-c,temperature,25.3
2024-03-21T12:41:00.000Z,zone-a,humidity,75.2
2024-03-21T15:02:00.000Z,zone-b,temperature,29.9
2024-03-21T16:05:00.000Z,zone-c,light,133.1
2024-03-21T18:12:00.000Z,zone-d,temperature,20.8
2024-03-21T18:48:00.000Z,zone-c,light,196.2
2024-03-21T19:23:00.000Z,zone-b,temperature,15.3
2024-03-22T02:19:00.000Z,zone-a,temperature,24.5
2024-03-22T03:01:00.000Z,zone-b,pressure,1010.9
2024-03-22T03:26:00.000Z,zone-d,pressure,1014.3
2024-03-22T05:48:00.000Z,zone-c,humidity,47.7
2024-03-22T08:30:00.000Z,zone-b,humidity,71.3
2024-03-22T09:41:00.000Z,zone-a,pressure,999
2024-03-22T10:08:00.000Z,zone-d,temperature,25.6
2024-03-22T11:49:00.000Z,zone-d,humidity,60
2024-03-22T12:58:00.000Z,zone-a,humidity,67.6
2024-03-22T13:35:00.000Z,zone-b,light,320
2024-03-22T15:17:00.000Z,zone-a,light,719.3
2024-03-22T17:58:00.000Z,zone-d,light,454.6
2024-03-22T18:00:00.000Z,zone-c,pressure,1001.2
2024-03-22T18:03:00.000Z,zone-c,temperature,28.9
2024-03-22T23:17:00.000Z,zone-d,pressure,1011.7
2024-03-22T23:37:00.000Z,zone-c,pressure,997.1
2024-03-22T23:51:00.000Z,zone-d,temperature,31.7
2024-03-23T00:47:00.000Z,zone-d,humidity,63.6
2024-03-23T04:55:00.000Z,zone-a,light,394.9
2024-03-23T04:55:00.000Z,zone-b,pressure,1002.7
2024-03-23T05:02:00.000Z,zone-a,humidity,31.7
2024-03-23T05:46:00.000Z,zone-b,light,811.2
2024-03-23T05:59:00.000Z,zone-c,humidity,36.7
2024-03-23T06:04:00.000Z,zone-a,pressure,1018.6
2024-03-23T06:30:00.000Z,zone-c,light,703
2024-03-23T10:58:00.000Z,zone-b,temperature,24.1
2024-03-23T11:48:00.000Z,zone-a,temperature,15.4
2024-03-23T13:21:00.000Z,zone-c,temperature,29.9
2024-03-23T15:31:00.000Z,zone-b,humidity,79.4
2024-03-23T18:21:00.000Z,zone-d,light,427.1
2024-03-23T19:54:00.000Z,zone-d,humidity,33.4
2024-03-23T21:35:00.000Z,zone-d,temperature,21.1
2024-03-23T23:28:00.000Z,zone-b,humidity,63.9
2024-03-24T00:17:00.000Z,zone-b,light,848.4
2024-03-24T01:45:00.000Z,zone-a,temperature,29
2024-03-24T01:52:00.000Z,zone-c,light,416
2024-03-24T02:58:00.000Z,zone-b,temperature,30.4
2024-03-24T03:35:00.000Z,zone-c,humidity,38.7
2024-03-24T03:37:00.000Z,zone-c,temperature,21.3
2024-03-24T05:26:00.000Z,zone-a,light,317.6
2024-03-24T07:49:00.000Z,zone-a,humidity,70.6
2024-03-24T08:22:00.000Z,zone-a,pressure,997.3
2024-03-24T08:56:00.000Z,zone-b,pressure,1002.5
2024-03-24T09:26:00.000Z,zone-d,light,751.4
2024-03-24T09:28:00.000Z,zone-d,pressure,1000.1
2024-03-24T14:18:00.000Z,zone-c,pressure,1009.2
2024-03-24T19:43:00.000Z,zone-c,pressure,1019.3
2024-03-24T21:36:00.000Z,zone-b,humidity,60
2024-03-24T22:30:00.000Z,zone-d,temperature,17.8
2024-03-25T00:43:00.000Z,zone-c,light,865.6
2024-03-25T02:06:00.000Z,zone-a,humidity,74.4
2024-03-25T04:27:00.000Z,zone-a,pressure,1012.5
2024-03-25T04:28:00.000Z,zone-b,light,865.1
2024-03-25T05:15:00.000Z,zone-d,humidity,34.6
2024-03-25T05:43:00.000Z,zone-c,temperature,28.4
2024-03-25T06:40:00.000Z,zone-b,pressure,1007.3
2024-03-25T07:25:00.000Z,zone-c,humidity,67
2024-03-25T09:24:00.000Z,zone-a,temperature,19.3
2024-03-25T11:31:00.000Z,zone-a,light,284.6
2024-03-25T12:51:00.000Z,zone-d,pressure,1013
2024-03-25T14:26:00.000Z,zone-b,temperature,22.4
2024-03-25T14:40:00.000Z,zone-d,light,682.3
2024-03-25T18:49:00.000Z,zone-a,humidity,30.1
2024-03-25T20:24:00.000Z,zone-a,temperature,23.9
2024-03-25T21:20:00.000Z,zone-b,humidity,62.6
2024-03-25T23:07:00.000Z,zone-b,pressure,993.9
2024-03-25T23:56:00.000Z,zone-a,pressure,998.5
2024-03-26T00:38:00.000Z,zone-c,light,147.6
2024-03-26T00:53:00.000Z,zone-d,pressure,1000.5
2024-03-26T01:26:00.000Z,zone-a,light,315.4
2024-03-26T02:09:00.000Z,zone-d,temperature,28
2024-03-26T04:25:00.000Z,zone-d,light,623.2
2024-03-26T05:33:00.000Z,zone-b,temperature,24.4
2024-03-26T06:34:00.000Z,zone-c,humidity,73.1
2024-03-26T06:42:00.000Z,zone-c,temperature,33.1
2024-03-26T07:32:00.000Z,zone-c,pressure,1002.3
2024-03-26T07:52:00.000Z,zone-b,light,101.3
2024-03-26T18:04:00.000Z,zone-d,humidity,30.2
2024-03-26T19:29:00.000Z,zone-c,humidity,41.6
2024-03-26T23:15:00.000Z,zone-a,humidity,59.6
2024-03-27T01:51:00.000Z,zone-b,light,785.4
2024-03-27T01:54:00.000Z,zone-c,light,821
2024-03-27T03:38:00.000Z,zone-b,pressure,996.9
2024-03-27T08:13:00.000Z,zone-d,temperature,35
2024-03-27T08:29:00.000Z,zone-c,pressure,1003
2024-03-27T08:46:00.000Z,zone-b,humidity,43.4
2024-03-27T09:34:00.000Z,zone-d,humidity,74.5
2024-03-27T09:39:00.000Z,zone-d,pressure,1018.8
2024-03-27T10:24:00.000Z,zone-c,temperature,27.9
2024-03-27T10:55:00.000Z,zone-d,light,273.1
2024-03-27T13:59:00.000Z,zone-a,light,145.2
2024-03-27T15:08:00.000Z,zone-b,temperature,21.6
2024-03-27T16:29:00.000Z,zone-a,pressure,1004.2
2024-03-27T16:34:00.000Z,zone-a,temperature,29.9
2024-03-27T18:55:00.000Z,zone-a,humidity,42.2
2024-03-27T23:02:00.000Z,zone-b,pressure,999
2024-03-28T00:25:00.000Z,zone-c,light,517.7
2024-03-28T02:37:00.000Z,zone-d,temperature,31.1
2024-03-28T02:54:00.000Z,zone-b,humidity,34.7
2024-03-28T05:36:00.000Z,zone-a,temperature,29
2024-03-28T05:46:00.000Z,zone-a,light,486.2
2024-03-28T07:17:00.000Z,zone-d,light,184.5
2024-03-28T07:18:00.000Z,zone-b,temperature,17.2
2024-03-28T12:17:00.000Z,zone-c,temperature,31.5
2024-03-28T12:23:00.000Z,zone-a,pressure,1018.2
2024-03-28T13:02:00.000Z,zone-c,humidity,32.2
2024-03-28T13:24:00.000Z,zone-b,light,846.3
2024-03-28T16:28:00.000Z,zone-d,humidity,69.8
2024-03-28T16:46:00.000Z,zone-d,pressure,991.7
2024-03-28T17:40:00.000Z,zone-c,pressure,1017
2024-03-28T18:32:00.000Z,zone-a,temperature,17.8
2024-03-28T20:04:00.000Z,zone-b,pressure,993.5
2024-03-28T21:18:00.000Z,zone-c,pressure,1008.2
2024-03-28T22:40:00.000Z,zone-d,temperature,26.3
2024-03-28T23:45:00.000Z,zone-c,light,336.7
2024-03-29T03:16:00.000Z,zone-d,pressure,1013.2
2024-03-29T04:48:00.000Z,zone-c,temperature,19.3
2024-03-29T04:52:00.000Z,zone-a,light,607.7
2024-03-29T05:45:00.000Z,zone-b,humidity,76.2
2024-03-29T07:19:00.000Z,zone-d,light,804.1
2024-03-29T07:41:00.000Z,zone-c,humidity,36.4
2024-03-29T09:07:00.000Z,zone-a,pressure,993.9
2024-03-29T10:13:00.000Z,zone-a,humidity,31.9
2024-03-29T13:01:00.000Z,zone-b,temperature,24.7
2024-03-29T16:39:00.000Z,zone-b,light,598.9
2024-03-29T17:13:00.000Z,zone-d,humidity,32.8
2024-03-29T19:24:00.000Z,zone-a,humidity,34.2
2024-03-29T22:08:00.000Z,zone-d,temperature,20.2
2024-03-29T22:40:00.000Z,zone-d,light,372.8
2024-03-30T01:22:00.000Z,zone-b,humidity,59.5
2024-03-30T01:54:00.000Z,zone-a,light,547.3
2024-03-30T05:23:00.000Z,zone-d,pressure,1001.1
2024-03-30T08:17:00.000Z,zone-b,light,464.6
2024-03-30T08:54:00.000Z,zone-a,pressure,1006.5
2024-03-30T09:12:00.000Z,zone-c,light,730.8
2024-03-30T09:14:00.000Z,zone-a,temperature,25.3
2024-03-30T14:00:00.000Z,zone-b,temperature,28.5
2024-03-30T15:27:00.000Z,zone-c,humidity,55.2
2024-03-30T16:23:00.000Z,zone-b,pressure,1001.3
2024-03-30T16:25:00.000Z,zone-c,temperature,30
2024-03-30T16:28:00.000Z,zone-d,humidity,49.3
2024-03-30T17:14:00.000Z,zone-c,pressure,1017.4